{"stats":{"minecraft:custom":{"minecraft:interact_with_crafting_table":114,"minecraft:open_barrel":6,"minecraft:leave_game":16,"minecraft:time_since_death":499253,"minecraft:climb_one_cm":1462,"minecraft:walk_one_cm":1180333,"minecraft:sprint_one_cm":1297277,"minecraft:drop":103,"minecraft:play_time":499253,"minecraft:sneak_time":1738,"minecraft:walk_under_water_one_cm":14275,"minecraft:interact_with_brewingstand":2,"minecraft:jump":5534,"minecraft:walk_on_water_one_cm":45525,"minecraft:total_world_time":499253,"minecraft:interact_with_furnace":156,"minecraft:sleep_in_bed":18,"minecraft:time_since_rest":3158,"minecraft:damage_taken":1191,"minecraft:damage_dealt":20,"minecraft:swim_one_cm":9017,"minecraft:fly_one_cm":820311,"minecraft:open_chest":74,"minecraft:crouch_one_cm":5068,"minecraft:fall_one_cm":124122,"minecraft:horse_one_cm":868373},"minecraft:crafted":{"pixelmon:ruby_pickaxe":1,"pixelmon:cooked_blue_apricorn":21,"minecraft:raw_iron":9,"pixelmon:platinum_ingot":3,"pixelmon:ruby_shovel":1,"minecraft:furnace":7,"minecraft:stone_button":190,"minecraft:stone":202,"minecraft:bone_meal":63,"pixelmon:cooked_black_apricorn":12,"pixelmon:iron_base":175,"minecraft:stone_pickaxe":2,"minecraft:chest":5,"pixelmon:silver_ingot":12,"minecraft:wheat":162,"pixelmon:cooked_yellow_apricorn":12,"minecraft:crafting_table":7,"minecraft:wooden_pickaxe":2,"pixelmon:yellow_berry_wood_planks":256,"pixelmon:poke_ball":167,"pixelmon:poke_ball_lid":192,"minecraft:bread":54,"minecraft:air":0,"pixelmon:platinum_base":5,"minecraft:white_wool":8,"pixelmon:ruby_axe":1,"pixelmon:silicon":9,"minecraft:stick":96,"minecraft:iron_pickaxe":1,"minecraft:iron_ingot":152,"minecraft:stone_sword":1,"minecraft:white_bed":2,"pixelmon:silver_base":15,"minecraft:acacia_planks":292,"pixelmon:cooked_red_apricorn":125,"minecraft:torch":156},"minecraft:used":{"pixelmon:apricorn_leaves_yellow":1,"minecraft:stone_sword":47,"minecraft:acacia_log":2,"minecraft:dead_bush":3,"minecraft:redstone":2,"pixelmon:red_apricorn":10,"pixelmon:rabuta_berry":5,"minecraft:chest":6,"minecraft:stone":1,"minecraft:torch":127,"minecraft:dirt":9,"pixelmon:yellow_apricorn":8,"minecraft:acacia_sapling":20,"pixelmon:yache_berry":6,"pixelmon:ruby_pickaxe":286,"minecraft:furnace":16,"minecraft:cobbled_deepslate":48,"minecraft:acacia_planks":4,"minecraft:cooked_mutton":7,"minecraft:stone_pickaxe":192,"minecraft:wooden_pickaxe":35,"pixelmon:apricorn_leaves_red":9,"pixelmon:black_apricorn":7,"minecraft:white_wool":3,"minecraft:sand":1,"minecraft:crafting_table":16,"minecraft:white_bed":9,"pixelmon:ruby_shovel":303,"pixelmon:hondew_berry":1,"pixelmon:berry_leaves_yache":2,"minecraft:bread":62,"minecraft:string":1,"minecraft:iron_pickaxe":218,"minecraft:cobblestone":17,"pixelmon:apricorn_leaves_black":1,"pixelmon:ruby_axe":43,"minecraft:bone_meal":63},"minecraft:picked_up":{"minecraft:crafting_table":9,"pixelmon:red_shard":2,"minecraft:wheat":4,"pixelmon:silicon_ore":19,"minecraft:stone_slab":4,"minecraft:acacia_button":1,"pixelmon:apricorn_leaves_yellow":35,"pixelmon:thunder_stone_shard":1,"minecraft:string":52,"pixelmon:platinum_base":1,"minecraft:cobbled_deepslate":57,"minecraft:beef":6,"minecraft:iron_pickaxe":2,"minecraft:chest":1,"pixelmon:orange_trade_machine":1,"minecraft:furnace":10,"pixelmon:black_apricorn":365,"minecraft:stick":9,"minecraft:raw_iron":195,"minecraft:stone":4,"pixelmon:s_exp_candy":1,"pixelmon:thunder_stone":1,"minecraft:torch":1,"minecraft:acacia_log":75,"minecraft:porkchop":10,"pixelmon:poison_barb":1,"minecraft:stone_button":2,"pixelmon:apricorn_log":64,"minecraft:diorite":1,"minecraft:redstone":12,"minecraft:andesite_wall":1,"pixelmon:silver_ore":35,"minecraft:rotten_flesh":14,"pixelmon:pink_apricorn":3,"minecraft:hay_block":18,"pixelmon:ruby":15,"pixelmon:hondew_berry":15,"pixelmon:red_apricorn":133,"minecraft:blaze_powder":1,"minecraft:rail":2,"minecraft:white_wool":5,"minecraft:cobblestone":361,"pixelmon:poke_ball_lid":1,"minecraft:feather":4,"pixelmon:apricorn_leaves_red":44,"pixelmon:curry_leek":1,"minecraft:leather":7,"pixelmon:film":13,"pixelmon:poke_ball":2,"minecraft:flint":1,"minecraft:tuff":5,"pixelmon:big_mushroom":1,"minecraft:dirt":323,"minecraft:bone":5,"minecraft:acacia_planks":33,"minecraft:wheat_seeds":44,"pixelmon:tr8_blank":1,"minecraft:small_dripleaf":1,"minecraft:raw_gold":15,"minecraft:iron_ingot":1,"pixelmon:platinum_ingot":1,"minecraft:rabbit":2,"minecraft:acacia_sapling":20,"pixelmon:sapphire":9,"pixelmon:yellow_apricorn":212,"pixelmon:pokemail_orange":3,"minecraft:raw_iron_block":1,"minecraft:sand":1,"minecraft:white_bed":8,"minecraft:dead_bush":5,"pixelmon:apricorn_leaves_black":36,"minecraft:spider_eye":1,"pixelmon:yellow_shard":1,"pixelmon:yache_berry":22,"pixelmon:blue_apricorn":128,"minecraft:diamond":33,"minecraft:stone_axe":1,"minecraft:bread":66,"pixelmon:platinum_ore":7,"minecraft:oak_sapling":1,"pixelmon:berry_leaves_yache":2,"minecraft:coal":142,"minecraft:andesite_slab":4,"pixelmon:rabuta_berry":13,"minecraft:ender_pearl":1},"minecraft:dropped":{"minecraft:bread":27,"pixelmon:yache_berry":16,"minecraft:porkchop":5,"minecraft:wheat_seeds":34,"pixelmon:pink_apricorn":3,"minecraft:feather":1,"minecraft:cobblestone":11,"minecraft:andesite_wall":1,"pixelmon:oran_berry":1,"minecraft:leather":4,"minecraft:rail":2,"minecraft:flint":1,"minecraft:stick":1,"minecraft:cobweb":2,"pixelmon:red_shard":2,"minecraft:diorite":1,"minecraft:stone_button":1,"pixelmon:platinum_base":1,"pixelmon:hondew_berry":14,"minecraft:amethyst_shard":3,"minecraft:iron_pickaxe":3,"minecraft:string":15,"minecraft:white_wool":4,"minecraft:bone":6,"minecraft:redstone":9,"pixelmon:grepa_berry":1,"minecraft:stone_sword":1,"pixelmon:rabuta_berry":8,"minecraft:wheat":2,"minecraft:rotten_flesh":1,"minecraft:blaze_powder":1,"minecraft:white_bed":1,"minecraft:acacia_button":1,"pixelmon:thunder_stone":1,"pixelmon:film":13,"minecraft:oak_sapling":1,"minecraft:spider_eye":1,"minecraft:wooden_pickaxe":1,"minecraft:beef":6,"minecraft:raw_gold":6,"minecraft:ghast_tear":1,"pixelmon:poke_ball":38,"minecraft:egg":2},"minecraft:mined":{"pixelmon:apricorn_leaves_black":36,"pixelmon:sapphire_ore":9,"minecraft:tuff":6,"minecraft:white_bed":9,"minecraft:deepslate_diamond_ore":33,"pixelmon:ruby_ore":15,"minecraft:acacia_log":74,"minecraft:grass_block":234,"pixelmon:platinum_ore":7,"pixelmon:apricorn_plant_yellow":1,"minecraft:spawner":1,"minecraft:hay_block":18,"minecraft:raw_iron_block":1,"minecraft:furnace":10,"minecraft:iron_ore":5,"minecraft:cobbled_deepslate":5,"minecraft:deepslate_iron_ore":75,"minecraft:rail":2,"pixelmon:silver_ore":35,"minecraft:stone":341,"minecraft:deepslate_redstone_ore":5,"minecraft:acacia_leaves":22,"minecraft:crafting_table":9,"minecraft:torch":1,"pixelmon:silicon_ore":18,"minecraft:chest":1,"minecraft:andesite_slab":2,"minecraft:andesite_wall":1,"minecraft:stone_slab":2,"minecraft:tall_grass":8,"minecraft:deepslate_gold_ore":9,"minecraft:diorite":1,"pixelmon:thunder_stone_ore":2,"minecraft:grass":89,"pixelmon:apricorn_leaves_red":35,"minecraft:coal_ore":83,"pixelmon:apricorn_leaves_yellow":36,"minecraft:dirt":89,"minecraft:cobweb":47,"minecraft:acacia_planks":4,"minecraft:oak_leaves":7,"minecraft:deepslate":53},"minecraft:broken":{"pixelmon:ruby_shovel":1,"minecraft:stone_pickaxe":1}},"DataVersion":3578}