{"stats":{"minecraft:dropped":{"minecraft:compass":1,"pixelmon:heart_scale":2,"minecraft:wheat_seeds":6,"minecraft:wheat":18,"pixelmon:awakening":4,"minecraft:feather":2,"pixelmon:razz_berry":2,"minecraft:flint":2,"pixelmon:curry_smoke_poke":2,"minecraft:spruce_planks":3,"pixelmon:x_special_defense":1,"minecraft:iron_ore":15,"pixelmon:blank_plate":1,"minecraft:string":3,"pixelmon:good_rod":1,"minecraft:bone":2},"minecraft:crafted":{"minecraft:crafting_table":1,"minecraft:spruce_planks":8,"minecraft:stick":56,"minecraft:chest":4,"minecraft:dark_oak_planks":124,"minecraft:torch":52,"minecraft:wheat":18},"minecraft:mined":{"pixelmon:sapphire_ore":7,"pixelmon:amethyst_ore":5,"minecraft:dark_oak_log":31,"pixelmon:ruby_ore":14,"minecraft:grass_block":6,"pixelmon:silicon_ore":3,"minecraft:tall_grass":1,"minecraft:cobblestone":1,"pixelmon:platinum_ore":2,"minecraft:spruce_leaves":5,"minecraft:hay_block":5,"minecraft:iron_ore":31,"minecraft:fire":5,"pixelmon:moon_stone_ore":7,"minecraft:stripped_spruce_log":2,"pixelmon:thunder_stone_ore":1,"minecraft:grass":1,"minecraft:coal_ore":123,"pixelmon:crystal_ore":10,"minecraft:dirt":1,"pixelmon:silver_ore":12,"minecraft:stone":53,"minecraft:gold_ore":12,"minecraft:oak_leaves":2},"minecraft:picked_up":{"pixelmon:acro_bike":1,"minecraft:feather":2,"pixelmon:silicon_ore":3,"pixelmon:pokemail_grass":1,"minecraft:red_mushroom":1,"pixelmon:poke_ball":3,"pixelmon:razz_berry":1,"minecraft:flint":2,"pixelmon:thunder_stone_shard":1,"minecraft:dirt":7,"minecraft:string":4,"minecraft:bone":2,"pixelmon:new_running_boots":1,"minecraft:wheat_seeds":6,"minecraft:spruce_planks":3,"minecraft:cobweb":2,"pixelmon:pixelmon_sprite":1,"minecraft:iron_ore":30,"minecraft:glowstone_dust":1,"pixelmon:sapphire":7,"pixelmon:amethyst":5,"minecraft:stripped_spruce_log":2,"minecraft:spruce_sapling":1,"minecraft:diorite":2,"minecraft:gold_ore":12,"minecraft:dark_oak_log":31,"minecraft:spider_eye":2,"pixelmon:crystal":10,"pixelmon:blue_berry_wood_boat":2,"pixelmon:silver_ore":13,"pixelmon:moon_stone_shard":7,"minecraft:hay_block":5,"minecraft:granite":1,"minecraft:painting":2,"pixelmon:ruby":18,"pixelmon:red_apricorn":1,"pixelmon:platinum_ore":2,"minecraft:coal":120,"minecraft:cobblestone":45},"minecraft:custom":{"minecraft:interact_with_furnace":1,"minecraft:interact_with_crafting_table":4,"minecraft:open_barrel":62,"minecraft:play_one_minute":240479,"minecraft:leave_game":8,"minecraft:time_since_death":240479,"minecraft:sleep_in_bed":1,"minecraft:climb_one_cm":6411,"minecraft:time_since_rest":4630,"minecraft:sprint_one_cm":667308,"minecraft:damage_taken":695,"minecraft:walk_one_cm":810633,"minecraft:drop":25,"minecraft:damage_dealt":0,"minecraft:swim_one_cm":5410,"minecraft:fly_one_cm":357389,"minecraft:open_chest":84,"minecraft:crouch_one_cm":540,"minecraft:sneak_time":310,"minecraft:walk_under_water_one_cm":20711,"minecraft:boat_one_cm":83497,"minecraft:jump":2706,"minecraft:interact_with_brewingstand":2,"minecraft:walk_on_water_one_cm":30619,"minecraft:fall_one_cm":57464,"minecraft:horse_one_cm":6120},"minecraft:used":{"minecraft:diorite":2,"minecraft:spruce_planks":8,"minecraft:chest":4,"pixelmon:blue_berry_wood_boat":2,"pixelmon:acro_bike":1,"minecraft:torch":20,"minecraft:dirt":7,"minecraft:crafting_table":1,"minecraft:red_bed":1,"minecraft:red_mushroom":1,"minecraft:painting":3,"minecraft:string":1,"minecraft:bread":40,"pixelmon:amethyst_pickaxe":281,"minecraft:spruce_sapling":1,"minecraft:cobblestone":21,"minecraft:hay_block":3,"minecraft:cobweb":2}},"DataVersion":2586}