{"stats":{"minecraft:used":{"minecraft:acacia_log":2,"minecraft:dead_bush":3,"minecraft:stone_pickaxe":139,"pixelmon:rabuta_berry":5,"minecraft:wooden_pickaxe":35,"minecraft:torch":9,"minecraft:sand":1,"minecraft:crafting_table":6,"minecraft:acacia_sapling":3,"pixelmon:yache_berry":6,"pixelmon:hondew_berry":1,"pixelmon:berry_leaves_yache":2,"minecraft:bread":10,"minecraft:string":1,"minecraft:cobblestone":8,"minecraft:furnace":3,"pixelmon:apricorn_leaves_black":1},"minecraft:crafted":{"minecraft:crafting_table":2,"minecraft:wooden_pickaxe":2,"pixelmon:poke_ball":5,"minecraft:stone_button":5,"pixelmon:poke_ball_lid":5,"minecraft:furnace":2,"minecraft:stone":5,"minecraft:bread":54,"minecraft:air":0,"pixelmon:iron_base":5,"pixelmon:silicon":9,"minecraft:stick":24,"minecraft:iron_ingot":3,"minecraft:stone_pickaxe":2,"minecraft:acacia_planks":160,"pixelmon:cooked_red_apricorn":3,"minecraft:torch":60,"minecraft:wheat":162},"minecraft:dropped":{"minecraft:bread":26,"pixelmon:yache_berry":8,"minecraft:wheat_seeds":19,"pixelmon:rabuta_berry":4,"minecraft:wheat":1,"minecraft:andesite_wall":1,"pixelmon:oran_berry":1,"minecraft:acacia_button":1,"pixelmon:film":13,"pixelmon:hondew_berry":8,"minecraft:wooden_pickaxe":1,"pixelmon:poke_ball":2,"minecraft:bone":1,"minecraft:redstone":3},"minecraft:mined":{"pixelmon:apricorn_leaves_black":1,"minecraft:acacia_leaves":2,"minecraft:crafting_table":5,"minecraft:acacia_log":41,"minecraft:grass_block":2,"pixelmon:silicon_ore":18,"minecraft:andesite_slab":2,"minecraft:andesite_wall":1,"minecraft:stone_slab":2,"minecraft:tall_grass":3,"minecraft:hay_block":18,"minecraft:furnace":2,"minecraft:iron_ore":4,"pixelmon:thunder_stone_ore":2,"minecraft:grass":12,"minecraft:coal_ore":68,"minecraft:dirt":4,"pixelmon:silver_ore":10,"minecraft:stone":61,"minecraft:oak_leaves":7},"minecraft:picked_up":{"minecraft:crafting_table":5,"minecraft:wheat":1,"pixelmon:silicon_ore":19,"minecraft:stone_slab":4,"pixelmon:film":13,"minecraft:acacia_button":1,"pixelmon:thunder_stone_shard":1,"minecraft:string":5,"minecraft:dirt":6,"minecraft:acacia_planks":29,"minecraft:wheat_seeds":22,"minecraft:iron_ingot":1,"minecraft:acacia_sapling":3,"pixelmon:yellow_apricorn":10,"minecraft:furnace":2,"pixelmon:black_apricorn":45,"minecraft:stick":1,"minecraft:raw_iron":4,"minecraft:acacia_log":42,"minecraft:sand":1,"pixelmon:apricorn_leaves_black":1,"minecraft:dead_bush":3,"minecraft:redstone":4,"pixelmon:blue_apricorn":14,"minecraft:spider_eye":1,"pixelmon:yellow_shard":1,"pixelmon:yache_berry":22,"minecraft:andesite_wall":1,"pixelmon:silver_ore":10,"minecraft:rotten_flesh":2,"minecraft:hay_block":18,"pixelmon:hondew_berry":15,"minecraft:bread":65,"pixelmon:red_apricorn":12,"minecraft:oak_sapling":1,"minecraft:cobblestone":61,"pixelmon:rabuta_berry":13,"pixelmon:berry_leaves_yache":2,"minecraft:andesite_slab":4,"minecraft:coal":68},"minecraft:custom":{"minecraft:interact_with_furnace":8,"minecraft:interact_with_crafting_table":18,"minecraft:leave_game":4,"minecraft:time_since_death":108632,"minecraft:climb_one_cm":469,"minecraft:time_since_rest":108632,"minecraft:sprint_one_cm":333736,"minecraft:damage_taken":80,"minecraft:walk_one_cm":254519,"minecraft:drop":33,"minecraft:swim_one_cm":6051,"minecraft:fly_one_cm":167400,"minecraft:open_chest":5,"minecraft:crouch_one_cm":247,"minecraft:play_time":108632,"minecraft:sneak_time":217,"minecraft:walk_under_water_one_cm":3893,"minecraft:jump":1251,"minecraft:interact_with_brewingstand":1,"minecraft:walk_on_water_one_cm":15570,"minecraft:total_world_time":108632,"minecraft:fall_one_cm":22130}},"DataVersion":3578}