{"stats":{"minecraft:used":{"minecraft:acacia_log":2,"minecraft:dead_bush":3,"minecraft:stone_pickaxe":109,"pixelmon:rabuta_berry":5,"minecraft:wooden_pickaxe":35,"minecraft:torch":9,"minecraft:crafting_table":5,"minecraft:acacia_sapling":3,"pixelmon:yache_berry":6,"pixelmon:berry_leaves_yache":2,"minecraft:bread":7,"minecraft:furnace":1},"minecraft:crafted":{"minecraft:crafting_table":2,"minecraft:wooden_pickaxe":2,"minecraft:furnace":2,"minecraft:bread":54,"minecraft:air":0,"pixelmon:iron_base":5,"minecraft:stick":24,"minecraft:iron_ingot":3,"minecraft:stone_pickaxe":2,"minecraft:acacia_planks":160,"minecraft:torch":60,"minecraft:wheat":162},"minecraft:dropped":{"minecraft:bread":25,"pixelmon:yache_berry":8,"minecraft:wheat_seeds":16,"pixelmon:rabuta_berry":4,"minecraft:wheat":1,"pixelmon:oran_berry":1,"minecraft:acacia_button":1,"pixelmon:film":13,"pixelmon:hondew_berry":8,"minecraft:wooden_pickaxe":1,"minecraft:bone":1,"minecraft:redstone":3},"minecraft:mined":{"minecraft:acacia_leaves":2,"minecraft:crafting_table":4,"minecraft:acacia_log":41,"minecraft:grass_block":2,"pixelmon:silicon_ore":10,"minecraft:andesite_slab":2,"minecraft:stone_slab":2,"minecraft:tall_grass":1,"minecraft:hay_block":18,"minecraft:furnace":1,"minecraft:iron_ore":4,"pixelmon:thunder_stone_ore":2,"minecraft:grass":10,"minecraft:coal_ore":68,"minecraft:dirt":4,"pixelmon:silver_ore":10,"minecraft:stone":43},"minecraft:picked_up":{"minecraft:crafting_table":4,"minecraft:wheat":1,"pixelmon:silicon_ore":10,"minecraft:stone_slab":4,"pixelmon:film":13,"minecraft:acacia_button":1,"pixelmon:thunder_stone_shard":1,"minecraft:string":4,"minecraft:dirt":6,"minecraft:acacia_planks":29,"minecraft:wheat_seeds":17,"minecraft:iron_ingot":1,"minecraft:acacia_sapling":3,"minecraft:furnace":1,"minecraft:stick":1,"minecraft:raw_iron":4,"minecraft:acacia_log":42,"minecraft:dead_bush":3,"minecraft:redstone":4,"pixelmon:yellow_shard":1,"pixelmon:yache_berry":22,"pixelmon:silver_ore":10,"minecraft:hay_block":18,"pixelmon:hondew_berry":15,"minecraft:bread":64,"pixelmon:red_apricorn":1,"minecraft:cobblestone":43,"pixelmon:rabuta_berry":13,"pixelmon:berry_leaves_yache":2,"minecraft:andesite_slab":4,"minecraft:coal":68},"minecraft:custom":{"minecraft:interact_with_furnace":2,"minecraft:interact_with_crafting_table":11,"minecraft:leave_game":4,"minecraft:time_since_death":84632,"minecraft:climb_one_cm":469,"minecraft:time_since_rest":84632,"minecraft:sprint_one_cm":264677,"minecraft:damage_taken":60,"minecraft:walk_one_cm":202179,"minecraft:drop":26,"minecraft:swim_one_cm":6051,"minecraft:fly_one_cm":134617,"minecraft:open_chest":5,"minecraft:crouch_one_cm":247,"minecraft:play_time":84632,"minecraft:sneak_time":217,"minecraft:walk_under_water_one_cm":3412,"minecraft:jump":991,"minecraft:interact_with_brewingstand":1,"minecraft:walk_on_water_one_cm":10184,"minecraft:total_world_time":84632,"minecraft:fall_one_cm":18066}},"DataVersion":3578}