{"stats":{"minecraft:broken":{"minecraft:stone_pickaxe":1},"minecraft:used":{"minecraft:stone_sword":47,"minecraft:acacia_log":2,"minecraft:dead_bush":3,"minecraft:redstone":1,"pixelmon:red_apricorn":3,"pixelmon:rabuta_berry":5,"minecraft:chest":1,"minecraft:torch":127,"minecraft:acacia_sapling":20,"pixelmon:yache_berry":6,"pixelmon:ruby_pickaxe":92,"minecraft:furnace":14,"minecraft:acacia_planks":4,"minecraft:cobbled_deepslate":48,"minecraft:stone_pickaxe":192,"minecraft:wooden_pickaxe":35,"minecraft:sand":1,"minecraft:crafting_table":14,"minecraft:white_bed":7,"pixelmon:hondew_berry":1,"pixelmon:berry_leaves_yache":2,"minecraft:bread":46,"minecraft:string":1,"minecraft:iron_pickaxe":217,"minecraft:cobblestone":16,"pixelmon:apricorn_leaves_black":1,"pixelmon:ruby_axe":42,"minecraft:bone_meal":6},"minecraft:mined":{"pixelmon:sapphire_ore":9,"pixelmon:apricorn_leaves_black":1,"minecraft:tuff":6,"minecraft:white_bed":6,"minecraft:deepslate_diamond_ore":33,"pixelmon:ruby_ore":15,"minecraft:acacia_log":74,"minecraft:grass_block":5,"pixelmon:platinum_ore":7,"minecraft:spawner":1,"minecraft:hay_block":18,"minecraft:raw_iron_block":1,"minecraft:furnace":10,"minecraft:iron_ore":5,"minecraft:cobbled_deepslate":5,"minecraft:deepslate_iron_ore":75,"minecraft:rail":2,"pixelmon:silver_ore":22,"minecraft:stone":162,"minecraft:deepslate_redstone_ore":5,"minecraft:acacia_leaves":22,"minecraft:crafting_table":9,"minecraft:torch":1,"pixelmon:silicon_ore":18,"minecraft:andesite_slab":2,"minecraft:andesite_wall":1,"minecraft:stone_slab":2,"minecraft:tall_grass":7,"minecraft:deepslate_gold_ore":9,"pixelmon:thunder_stone_ore":2,"minecraft:grass":57,"minecraft:coal_ore":83,"minecraft:dirt":12,"minecraft:cobweb":47,"minecraft:acacia_planks":4,"minecraft:oak_leaves":7,"minecraft:deepslate":53},"minecraft:custom":{"minecraft:interact_with_crafting_table":83,"minecraft:open_barrel":6,"minecraft:leave_game":10,"minecraft:time_since_death":314936,"minecraft:climb_one_cm":1294,"minecraft:sprint_one_cm":849874,"minecraft:walk_one_cm":752161,"minecraft:drop":82,"minecraft:play_time":314936,"minecraft:sneak_time":1503,"minecraft:walk_under_water_one_cm":12149,"minecraft:interact_with_brewingstand":2,"minecraft:jump":3760,"minecraft:walk_on_water_one_cm":31556,"minecraft:total_world_time":314936,"minecraft:interact_with_furnace":102,"minecraft:sleep_in_bed":5,"minecraft:time_since_rest":84865,"minecraft:damage_taken":871,"minecraft:swim_one_cm":6051,"minecraft:fly_one_cm":461157,"minecraft:open_chest":21,"minecraft:crouch_one_cm":4362,"minecraft:fall_one_cm":76010,"minecraft:horse_one_cm":135772},"minecraft:crafted":{"pixelmon:ruby_pickaxe":1,"pixelmon:cooked_blue_apricorn":21,"minecraft:raw_iron":9,"pixelmon:platinum_ingot":3,"minecraft:furnace":5,"minecraft:stone_button":65,"minecraft:stone":60,"minecraft:bone_meal":6,"pixelmon:cooked_black_apricorn":8,"pixelmon:iron_base":50,"minecraft:stone_pickaxe":2,"minecraft:chest":1,"pixelmon:silver_ingot":12,"minecraft:wheat":162,"pixelmon:cooked_yellow_apricorn":10,"minecraft:crafting_table":5,"minecraft:wooden_pickaxe":2,"pixelmon:poke_ball":64,"pixelmon:poke_ball_lid":70,"minecraft:bread":54,"minecraft:air":0,"pixelmon:platinum_base":5,"minecraft:white_wool":8,"pixelmon:ruby_axe":1,"pixelmon:silicon":9,"minecraft:stick":68,"minecraft:iron_pickaxe":1,"minecraft:iron_ingot":95,"minecraft:stone_sword":1,"minecraft:white_bed":2,"pixelmon:silver_base":10,"minecraft:acacia_planks":240,"pixelmon:cooked_red_apricorn":31,"minecraft:torch":156},"minecraft:picked_up":{"pixelmon:red_shard":2,"minecraft:crafting_table":9,"minecraft:wheat":1,"pixelmon:silicon_ore":19,"minecraft:stone_slab":4,"minecraft:acacia_button":1,"pixelmon:thunder_stone_shard":1,"minecraft:string":52,"pixelmon:platinum_base":1,"minecraft:cobbled_deepslate":57,"minecraft:iron_pickaxe":2,"minecraft:furnace":10,"pixelmon:black_apricorn":90,"minecraft:stick":9,"minecraft:raw_iron":195,"pixelmon:thunder_stone":1,"minecraft:stone":4,"pixelmon:s_exp_candy":1,"minecraft:torch":1,"minecraft:acacia_log":75,"minecraft:porkchop":1,"pixelmon:poison_barb":1,"minecraft:stone_button":2,"minecraft:redstone":7,"minecraft:andesite_wall":1,"pixelmon:silver_ore":22,"pixelmon:pink_apricorn":3,"minecraft:rotten_flesh":2,"minecraft:hay_block":18,"pixelmon:ruby":15,"pixelmon:hondew_berry":15,"pixelmon:red_apricorn":49,"minecraft:blaze_powder":1,"minecraft:rail":2,"minecraft:white_wool":2,"minecraft:cobblestone":182,"minecraft:feather":1,"minecraft:leather":3,"pixelmon:film":13,"pixelmon:poke_ball":2,"minecraft:flint":1,"minecraft:tuff":5,"minecraft:dirt":17,"minecraft:bone":5,"minecraft:acacia_planks":33,"minecraft:wheat_seeds":29,"pixelmon:tr8_blank":1,"minecraft:raw_gold":15,"minecraft:iron_ingot":1,"pixelmon:platinum_ingot":1,"minecraft:acacia_sapling":20,"pixelmon:sapphire":9,"pixelmon:yellow_apricorn":10,"minecraft:raw_iron_block":1,"minecraft:sand":1,"minecraft:white_bed":7,"minecraft:dead_bush":5,"pixelmon:apricorn_leaves_black":1,"minecraft:spider_eye":1,"pixelmon:yellow_shard":1,"pixelmon:yache_berry":22,"pixelmon:blue_apricorn":21,"minecraft:diamond":33,"minecraft:bread":66,"pixelmon:platinum_ore":7,"minecraft:oak_sapling":1,"pixelmon:berry_leaves_yache":2,"minecraft:coal":142,"minecraft:andesite_slab":4,"pixelmon:rabuta_berry":13,"minecraft:ender_pearl":1},"minecraft:dropped":{"minecraft:bread":27,"pixelmon:yache_berry":16,"minecraft:porkchop":2,"minecraft:wheat_seeds":28,"pixelmon:pink_apricorn":3,"minecraft:feather":1,"minecraft:cobblestone":11,"minecraft:andesite_wall":1,"pixelmon:oran_berry":1,"minecraft:leather":3,"minecraft:rail":2,"minecraft:stick":1,"minecraft:flint":1,"minecraft:cobweb":2,"pixelmon:red_shard":2,"minecraft:stone_button":1,"pixelmon:platinum_base":1,"pixelmon:hondew_berry":14,"minecraft:amethyst_shard":3,"minecraft:iron_pickaxe":3,"minecraft:string":15,"minecraft:white_wool":4,"minecraft:bone":6,"minecraft:redstone":7,"pixelmon:grepa_berry":1,"minecraft:stone_sword":1,"pixelmon:rabuta_berry":8,"minecraft:wheat":1,"minecraft:blaze_powder":1,"minecraft:white_bed":1,"minecraft:acacia_button":1,"pixelmon:film":13,"minecraft:oak_sapling":1,"minecraft:spider_eye":1,"minecraft:wooden_pickaxe":1,"minecraft:raw_gold":6,"minecraft:ghast_tear":1,"pixelmon:poke_ball":14,"minecraft:egg":2}},"DataVersion":3578}