{"stats":{"minecraft:used":{"minecraft:acacia_log":2,"minecraft:dead_bush":3,"minecraft:stone_pickaxe":192,"pixelmon:rabuta_berry":5,"minecraft:wooden_pickaxe":35,"minecraft:torch":46,"minecraft:sand":1,"minecraft:crafting_table":8,"minecraft:acacia_sapling":3,"pixelmon:yache_berry":6,"pixelmon:hondew_berry":1,"pixelmon:berry_leaves_yache":2,"minecraft:bread":12,"minecraft:string":1,"minecraft:iron_pickaxe":13,"minecraft:cobblestone":8,"minecraft:furnace":8,"pixelmon:apricorn_leaves_black":1},"minecraft:crafted":{"pixelmon:cooked_blue_apricorn":21,"pixelmon:cooked_yellow_apricorn":10,"minecraft:crafting_table":2,"minecraft:wooden_pickaxe":2,"pixelmon:poke_ball":25,"minecraft:stone_button":25,"pixelmon:poke_ball_lid":33,"minecraft:furnace":4,"minecraft:stone":24,"minecraft:bread":54,"minecraft:air":0,"pixelmon:iron_base":25,"pixelmon:silicon":9,"minecraft:iron_pickaxe":1,"minecraft:stick":40,"minecraft:iron_ingot":17,"minecraft:stone_pickaxe":2,"pixelmon:silver_ingot":1,"minecraft:acacia_planks":160,"pixelmon:cooked_red_apricorn":15,"minecraft:torch":124,"minecraft:wheat":162},"minecraft:dropped":{"minecraft:bread":27,"pixelmon:yache_berry":8,"minecraft:wheat_seeds":19,"pixelmon:rabuta_berry":4,"minecraft:wheat":1,"pixelmon:pink_apricorn":3,"minecraft:andesite_wall":1,"pixelmon:oran_berry":1,"minecraft:acacia_button":1,"pixelmon:film":13,"pixelmon:hondew_berry":8,"minecraft:wooden_pickaxe":1,"pixelmon:poke_ball":13,"minecraft:bone":1,"minecraft:redstone":3},"minecraft:mined":{"pixelmon:apricorn_leaves_black":1,"minecraft:acacia_leaves":2,"minecraft:deepslate_diamond_ore":6,"minecraft:crafting_table":6,"minecraft:torch":1,"minecraft:acacia_log":41,"minecraft:grass_block":2,"pixelmon:silicon_ore":18,"minecraft:andesite_slab":2,"minecraft:andesite_wall":1,"minecraft:stone_slab":2,"minecraft:tall_grass":3,"minecraft:hay_block":18,"minecraft:furnace":7,"minecraft:iron_ore":5,"pixelmon:thunder_stone_ore":2,"minecraft:grass":12,"minecraft:coal_ore":77,"minecraft:deepslate_iron_ore":5,"minecraft:dirt":4,"pixelmon:silver_ore":11,"minecraft:stone":99,"minecraft:oak_leaves":7},"minecraft:broken":{"minecraft:stone_pickaxe":1},"minecraft:picked_up":{"minecraft:crafting_table":6,"minecraft:wheat":1,"pixelmon:silicon_ore":19,"minecraft:stone_slab":4,"pixelmon:film":13,"minecraft:acacia_button":1,"pixelmon:thunder_stone_shard":1,"minecraft:string":5,"minecraft:dirt":6,"minecraft:acacia_planks":29,"minecraft:wheat_seeds":22,"minecraft:iron_ingot":1,"minecraft:acacia_sapling":3,"pixelmon:yellow_apricorn":10,"minecraft:furnace":7,"pixelmon:black_apricorn":90,"minecraft:stick":1,"minecraft:raw_iron":18,"minecraft:stone":4,"minecraft:torch":1,"minecraft:acacia_log":42,"minecraft:sand":1,"pixelmon:apricorn_leaves_black":1,"minecraft:dead_bush":3,"minecraft:redstone":4,"pixelmon:blue_apricorn":21,"minecraft:spider_eye":1,"pixelmon:yellow_shard":1,"pixelmon:yache_berry":22,"minecraft:andesite_wall":1,"pixelmon:silver_ore":11,"minecraft:rotten_flesh":2,"pixelmon:pink_apricorn":3,"minecraft:diamond":6,"minecraft:hay_block":18,"pixelmon:hondew_berry":15,"minecraft:bread":66,"pixelmon:red_apricorn":12,"minecraft:oak_sapling":1,"minecraft:cobblestone":119,"pixelmon:rabuta_berry":13,"pixelmon:berry_leaves_yache":2,"minecraft:andesite_slab":4,"minecraft:coal":122},"minecraft:custom":{"minecraft:interact_with_furnace":43,"minecraft:interact_with_crafting_table":39,"minecraft:leave_game":4,"minecraft:time_since_death":132632,"minecraft:climb_one_cm":469,"minecraft:time_since_rest":132632,"minecraft:sprint_one_cm":348042,"minecraft:damage_taken":120,"minecraft:walk_one_cm":304983,"minecraft:drop":36,"minecraft:swim_one_cm":6051,"minecraft:fly_one_cm":172772,"minecraft:open_chest":5,"minecraft:crouch_one_cm":482,"minecraft:play_time":132632,"minecraft:sneak_time":295,"minecraft:walk_under_water_one_cm":3893,"minecraft:jump":1565,"minecraft:interact_with_brewingstand":1,"minecraft:walk_on_water_one_cm":15743,"minecraft:total_world_time":132632,"minecraft:fall_one_cm":29391}},"DataVersion":3578}