{"stats":{"minecraft:custom":{"minecraft:interact_with_crafting_table":119,"minecraft:open_barrel":6,"minecraft:interact_with_campfire":48,"minecraft:leave_game":17,"minecraft:time_since_death":642489,"minecraft:climb_one_cm":1462,"minecraft:walk_one_cm":1444423,"minecraft:sprint_one_cm":1716521,"minecraft:drop":117,"minecraft:play_time":642489,"minecraft:sneak_time":1884,"minecraft:walk_under_water_one_cm":22871,"minecraft:interact_with_brewingstand":2,"minecraft:jump":7088,"minecraft:walk_on_water_one_cm":68144,"minecraft:total_world_time":642489,"minecraft:interact_with_furnace":164,"minecraft:sleep_in_bed":27,"minecraft:time_since_rest":19518,"minecraft:damage_taken":1501,"minecraft:damage_dealt":20,"minecraft:swim_one_cm":17904,"minecraft:fly_one_cm":1191176,"minecraft:open_chest":96,"minecraft:crouch_one_cm":5403,"minecraft:fall_one_cm":162752,"minecraft:horse_one_cm":874294},"minecraft:crafted":{"pixelmon:ruby_pickaxe":1,"pixelmon:cooked_blue_apricorn":21,"minecraft:oak_planks":28,"minecraft:raw_iron":9,"pixelmon:platinum_ingot":3,"pixelmon:ruby_shovel":1,"minecraft:furnace":7,"minecraft:stone_button":190,"minecraft:stone":202,"minecraft:bone_meal":63,"pixelmon:cooked_black_apricorn":17,"pixelmon:iron_base":175,"minecraft:stone_pickaxe":2,"minecraft:chest":7,"pixelmon:silver_ingot":12,"minecraft:wheat":162,"pixelmon:cooked_yellow_apricorn":12,"minecraft:crafting_table":7,"minecraft:wooden_pickaxe":2,"pixelmon:yellow_berry_wood_planks":256,"pixelmon:poke_ball":167,"pixelmon:poke_ball_lid":192,"minecraft:campfire":2,"minecraft:bread":54,"minecraft:air":0,"pixelmon:platinum_base":5,"minecraft:white_wool":8,"minecraft:diamond_pickaxe":1,"minecraft:charcoal":2,"pixelmon:ruby_axe":1,"pixelmon:silicon":9,"minecraft:stick":112,"minecraft:iron_ingot":152,"minecraft:iron_pickaxe":1,"minecraft:stone_sword":1,"minecraft:white_bed":2,"pixelmon:silver_base":15,"minecraft:acacia_planks":292,"pixelmon:cooked_red_apricorn":125,"minecraft:torch":156},"minecraft:used":{"pixelmon:apricorn_leaves_yellow":1,"minecraft:stone_sword":47,"minecraft:acacia_log":2,"minecraft:dead_bush":3,"minecraft:redstone":4,"pixelmon:red_apricorn":10,"pixelmon:rabuta_berry":5,"minecraft:chest":9,"minecraft:stone":1,"minecraft:torch":127,"minecraft:dirt":10,"pixelmon:yellow_apricorn":8,"minecraft:acacia_sapling":20,"pixelmon:yache_berry":6,"pixelmon:ruby_pickaxe":286,"minecraft:cooked_cod":11,"minecraft:furnace":16,"minecraft:cobbled_deepslate":48,"minecraft:acacia_planks":4,"minecraft:cooked_mutton":14,"minecraft:stone_pickaxe":192,"minecraft:wooden_pickaxe":35,"pixelmon:apricorn_leaves_red":9,"pixelmon:sitrus_berry":1,"pixelmon:black_apricorn":7,"minecraft:white_wool":3,"minecraft:sand":1,"minecraft:crafting_table":16,"minecraft:campfire":2,"minecraft:white_bed":9,"pixelmon:ruby_shovel":303,"pixelmon:hondew_berry":1,"pixelmon:berry_leaves_yache":2,"minecraft:bread":62,"minecraft:string":1,"minecraft:iron_pickaxe":218,"minecraft:stone_axe":18,"minecraft:cobblestone":17,"pixelmon:apricorn_leaves_black":1,"pixelmon:ruby_axe":43,"minecraft:bone_meal":63},"minecraft:picked_up":{"minecraft:seagrass":2,"minecraft:crafting_table":9,"pixelmon:red_shard":2,"minecraft:wheat":4,"pixelmon:silicon_ore":19,"minecraft:stone_slab":4,"minecraft:acacia_button":1,"pixelmon:apricorn_leaves_yellow":35,"pixelmon:thunder_stone_shard":1,"minecraft:string":54,"pixelmon:platinum_base":1,"minecraft:cobbled_deepslate":57,"minecraft:beef":8,"minecraft:iron_pickaxe":2,"pixelmon:iapapa_berry":2,"minecraft:chest":2,"pixelmon:orange_trade_machine":1,"minecraft:furnace":10,"pixelmon:black_apricorn":365,"minecraft:stick":9,"minecraft:raw_iron":195,"minecraft:stone":4,"pixelmon:s_exp_candy":1,"pixelmon:thunder_stone":1,"minecraft:torch":1,"minecraft:acacia_log":75,"pixelmon:super_rod":2,"minecraft:porkchop":11,"pixelmon:poison_barb":1,"minecraft:stone_button":2,"pixelmon:apricorn_log":64,"minecraft:diorite":1,"minecraft:redstone":14,"minecraft:andesite_wall":1,"minecraft:cooked_cod":48,"pixelmon:silver_ore":35,"minecraft:rotten_flesh":20,"pixelmon:pink_apricorn":3,"minecraft:hay_block":18,"pixelmon:ruby":15,"pixelmon:hondew_berry":15,"pixelmon:red_apricorn":224,"minecraft:mutton":2,"minecraft:blaze_powder":1,"minecraft:cod":13,"minecraft:rail":2,"minecraft:white_wool":8,"minecraft:cobblestone":361,"pixelmon:poke_ball_lid":1,"minecraft:feather":7,"pixelmon:apricorn_leaves_red":44,"pixelmon:curry_leek":1,"minecraft:salmon":3,"minecraft:leather":7,"pixelmon:film":13,"pixelmon:poke_ball":2,"minecraft:flint":1,"minecraft:tuff":5,"minecraft:oak_log":15,"pixelmon:big_mushroom":1,"minecraft:dirt":324,"minecraft:bone":7,"minecraft:acacia_planks":33,"minecraft:kelp":1,"minecraft:wheat_seeds":49,"pixelmon:tr8_blank":1,"minecraft:small_dripleaf":1,"minecraft:raw_gold":15,"minecraft:iron_ingot":1,"pixelmon:platinum_ingot":1,"minecraft:rabbit":2,"pixelmon:sapphire":9,"minecraft:acacia_sapling":20,"pixelmon:yellow_apricorn":212,"minecraft:ghast_tear":2,"pixelmon:pokemail_orange":3,"minecraft:raw_iron_block":1,"minecraft:sand":1,"minecraft:soul_torch":1,"minecraft:white_bed":8,"minecraft:dead_bush":5,"pixelmon:apricorn_leaves_black":36,"minecraft:spider_eye":1,"pixelmon:yellow_shard":1,"pixelmon:yache_berry":22,"pixelmon:blue_apricorn":128,"minecraft:diamond":33,"minecraft:stone_axe":1,"minecraft:bread":66,"minecraft:mud":2,"pixelmon:platinum_ore":7,"minecraft:oak_sapling":1,"pixelmon:berry_leaves_yache":2,"minecraft:coal":142,"minecraft:andesite_slab":4,"pixelmon:rabuta_berry":13,"minecraft:ender_pearl":1},"minecraft:dropped":{"minecraft:bread":27,"pixelmon:yache_berry":16,"minecraft:porkchop":6,"minecraft:wheat_seeds":34,"pixelmon:pink_apricorn":3,"minecraft:feather":1,"minecraft:cobblestone":11,"minecraft:andesite_wall":1,"pixelmon:oran_berry":1,"minecraft:leather":4,"minecraft:rail":2,"minecraft:flint":1,"minecraft:stick":1,"minecraft:cobweb":2,"pixelmon:red_shard":2,"minecraft:diorite":1,"minecraft:stone_button":1,"minecraft:seagrass":2,"pixelmon:platinum_base":1,"pixelmon:hondew_berry":14,"minecraft:amethyst_shard":3,"pixelmon:super_rod":3,"minecraft:iron_pickaxe":3,"minecraft:string":17,"minecraft:white_wool":6,"minecraft:bone":6,"minecraft:redstone":9,"pixelmon:grepa_berry":1,"minecraft:stone_sword":1,"pixelmon:rabuta_berry":8,"minecraft:wheat":4,"minecraft:rotten_flesh":1,"minecraft:blaze_powder":1,"minecraft:white_bed":1,"minecraft:acacia_button":1,"pixelmon:thunder_stone":1,"pixelmon:film":13,"minecraft:oak_sapling":1,"minecraft:spider_eye":1,"minecraft:wooden_pickaxe":1,"minecraft:beef":7,"minecraft:raw_gold":6,"minecraft:ghast_tear":1,"pixelmon:good_rod":1,"pixelmon:poke_ball":38,"minecraft:egg":2},"minecraft:mined":{"pixelmon:apricorn_leaves_black":36,"pixelmon:sapphire_ore":9,"minecraft:tuff":6,"minecraft:white_bed":9,"minecraft:deepslate_diamond_ore":33,"pixelmon:ruby_ore":15,"minecraft:acacia_log":74,"minecraft:grass_block":236,"pixelmon:platinum_ore":7,"pixelmon:apricorn_plant_yellow":1,"minecraft:spawner":1,"minecraft:hay_block":18,"minecraft:raw_iron_block":1,"minecraft:furnace":10,"minecraft:iron_ore":5,"minecraft:cobbled_deepslate":5,"minecraft:deepslate_iron_ore":75,"minecraft:rail":2,"pixelmon:silver_ore":35,"minecraft:stone":341,"minecraft:deepslate_redstone_ore":5,"minecraft:acacia_leaves":22,"minecraft:crafting_table":9,"minecraft:torch":1,"pixelmon:silicon_ore":18,"minecraft:chest":2,"minecraft:andesite_slab":2,"minecraft:andesite_wall":1,"minecraft:stone_slab":2,"minecraft:tall_grass":8,"minecraft:deepslate_gold_ore":9,"minecraft:diorite":1,"pixelmon:thunder_stone_ore":2,"minecraft:grass":100,"pixelmon:apricorn_leaves_red":35,"minecraft:oak_log":15,"minecraft:coal_ore":83,"pixelmon:apricorn_leaves_yellow":36,"minecraft:dirt":89,"minecraft:cobweb":47,"minecraft:acacia_planks":4,"minecraft:oak_leaves":16,"minecraft:deepslate":53},"minecraft:broken":{"pixelmon:ruby_shovel":1,"minecraft:stone_pickaxe":1}},"DataVersion":3578}