{"stats":{"minecraft:broken":{"minecraft:wooden_pickaxe":1},"minecraft:used":{"minecraft:wheat_seeds":8,"minecraft:stone_sword":19,"minecraft:stone_pickaxe":12,"minecraft:chest":1,"minecraft:wooden_pickaxe":59,"minecraft:stone_axe":1,"minecraft:wheat":2,"minecraft:crafting_table":3,"minecraft:egg":1,"minecraft:tuff":1},"minecraft:mined":{"minecraft:acacia_leaves":7,"minecraft:crafting_table":3,"minecraft:grass":6,"minecraft:acacia_log":8,"minecraft:tall_grass":1,"minecraft:stone":71},"minecraft:crafted":{"minecraft:crafting_table":2,"minecraft:stick":16,"minecraft:wooden_pickaxe":1,"minecraft:stone_pickaxe":1,"minecraft:stone_sword":1,"minecraft:chest":1,"minecraft:acacia_planks":28,"minecraft:stone_axe":1},"minecraft:custom":{"minecraft:time_since_rest":10081,"minecraft:sprint_one_cm":46750,"minecraft:damage_taken":490,"minecraft:walk_one_cm":193819,"minecraft:drop":6,"minecraft:damage_dealt":315,"minecraft:swim_one_cm":2840,"minecraft:interact_with_crafting_table":5,"minecraft:fly_one_cm":15057,"minecraft:open_barrel":1,"minecraft:open_chest":9,"minecraft:crouch_one_cm":2469,"minecraft:play_time":50772,"minecraft:deaths":2,"minecraft:sneak_time":279,"minecraft:walk_under_water_one_cm":1885,"minecraft:jump":272,"minecraft:leave_game":4,"minecraft:walk_on_water_one_cm":646,"minecraft:time_since_death":10029,"minecraft:climb_one_cm":1002,"minecraft:total_world_time":50772,"minecraft:fall_one_cm":2843},"minecraft:picked_up":{"minecraft:ghast_tear":2,"minecraft:stick":1,"minecraft:crafting_table":3,"minecraft:wheat":2,"minecraft:feather":2,"minecraft:leather":1,"minecraft:acacia_log":7,"pixelmon:poke_ball":1,"minecraft:tuff":1,"minecraft:dead_bush":3,"minecraft:stone_sword":1,"minecraft:wheat_seeds":10,"minecraft:iron_pickaxe":1,"minecraft:cobblestone":71,"minecraft:egg":1},"minecraft:dropped":{"minecraft:porkchop":1,"minecraft:dead_bush":1,"minecraft:leather":1,"minecraft:ghast_tear":2,"minecraft:stick":1},"minecraft:killed_by":{"minecraft:player":2}},"DataVersion":3578}