{"stats":{"minecraft:used":{"minecraft:wheat_seeds":8,"minecraft:stone_sword":47,"minecraft:stone_pickaxe":12,"minecraft:axolotl_spawn_egg":1,"minecraft:chest":1,"minecraft:wooden_pickaxe":59,"minecraft:wither_skeleton_spawn_egg":3,"minecraft:redstone_block":2,"minecraft:dirt":32,"minecraft:wheat":2,"minecraft:tnt":40,"minecraft:crafting_table":3,"minecraft:white_bed":2,"minecraft:tuff":1,"minecraft:glow_squid_spawn_egg":1,"minecraft:stone_axe":1,"minecraft:porkchop":1,"minecraft:egg":1},"minecraft:crafted":{"minecraft:crafting_table":2,"minecraft:wooden_pickaxe":1,"minecraft:stone_axe":1,"minecraft:stick":16,"minecraft:stone_pickaxe":1,"minecraft:stone_sword":1,"minecraft:chest":1,"minecraft:acacia_planks":28},"minecraft:dropped":{"minecraft:porkchop":1,"minecraft:tnt":1,"minecraft:ender_pearl":1,"minecraft:leather":1,"minecraft:white_bed":1,"minecraft:stick":1,"minecraft:rose_bush":4,"minecraft:dead_bush":2,"minecraft:ghast_tear":2,"minecraft:bone":1,"minecraft:redstone":1},"minecraft:killed_by":{"minecraft:player":4},"minecraft:mined":{"minecraft:acacia_leaves":7,"minecraft:white_bed":1,"minecraft:crafting_table":3,"minecraft:acacia_log":8,"minecraft:rose_bush":4,"minecraft:tall_grass":1,"minecraft:tnt":1,"minecraft:grass":34,"minecraft:stone":71},"minecraft:broken":{"minecraft:wooden_pickaxe":1},"minecraft:picked_up":{"minecraft:crafting_table":3,"minecraft:wheat":2,"minecraft:feather":2,"minecraft:leather":1,"pixelmon:poke_ball":5,"minecraft:tuff":1,"pixelmon:aluminium_ingot":1,"minecraft:dirt":32,"minecraft:bone":3,"minecraft:wheat_seeds":15,"minecraft:rose_bush":4,"minecraft:iron_pickaxe":1,"pixelmon:yellow_apricorn":1,"minecraft:egg":1,"minecraft:ghast_tear":2,"minecraft:stick":11,"minecraft:acacia_log":7,"minecraft:dead_bush":3,"minecraft:white_bed":3,"minecraft:redstone":1,"minecraft:tnt":9,"minecraft:stone_sword":2,"pixelmon:red_apricorn":12,"minecraft:cobblestone":71,"minecraft:ender_pearl":1},"minecraft:custom":{"minecraft:interact_with_crafting_table":5,"minecraft:open_barrel":2,"minecraft:leave_game":5,"minecraft:time_since_death":779,"minecraft:sleep_in_bed":2,"minecraft:climb_one_cm":1754,"minecraft:time_since_rest":836,"minecraft:sprint_one_cm":137244,"minecraft:damage_taken":1916,"minecraft:walk_one_cm":348155,"minecraft:drop":16,"minecraft:damage_dealt":537,"minecraft:swim_one_cm":10116,"minecraft:fly_one_cm":74534,"minecraft:player_kills":1,"minecraft:open_chest":10,"minecraft:crouch_one_cm":3842,"minecraft:play_time":97693,"minecraft:deaths":7,"minecraft:sneak_time":546,"minecraft:walk_under_water_one_cm":2604,"minecraft:jump":708,"minecraft:walk_on_water_one_cm":1738,"minecraft:total_world_time":97693,"minecraft:fall_one_cm":17674}},"DataVersion":3578}