{"stats":{"minecraft:picked_up":{"pixelmon:curry_leek":2,"minecraft:feather":4,"minecraft:basalt":4,"minecraft:clay_ball":4,"pixelmon:razz_berry":2,"minecraft:ice":8,"pixelmon:power_belt":1,"pixelmon:thunder_stone_shard":2,"pixelmon:rare_candy":1,"minecraft:dirt":31,"pixelmon:figy_berry":1,"minecraft:cooked_mutton":12,"minecraft:bone":4,"minecraft:wheat_seeds":5,"minecraft:gold_nugget":1,"minecraft:beef":5,"minecraft:iron_ingot":2,"minecraft:glowstone_dust":17,"minecraft:sugar_cane":2,"minecraft:sandstone":1,"pixelmon:tiny_mushroom":1,"minecraft:porkchop":4,"pixelmon:zinc":1,"minecraft:sand":4,"minecraft:diorite":1,"minecraft:redstone":1,"byg:holly_log":10,"pixelmon:crystal":3,"minecraft:oak_wood":1,"minecraft:rotten_flesh":3,"pixelmon:sitrus_berry":32,"byg:holly_boat":1,"minecraft:granite":1,"pixelmon:ruby":9,"minecraft:terracotta":4,"minecraft:netherrack":111,"pixelmon:exp_share":2,"minecraft:mutton":2,"pixelmon:dynite_ore":1,"minecraft:snowball":9,"minecraft:white_wool":5,"minecraft:cobblestone":22},"minecraft:dropped":{"pixelmon:ruby":5,"minecraft:porkchop":4,"minecraft:wheat_seeds":3,"pixelmon:exp_share":2,"minecraft:feather":4,"minecraft:rotten_flesh":1,"pixelmon:aguav_berry":1,"minecraft:glowstone_dust":3,"minecraft:cooked_mutton":9,"pixelmon:tiny_mushroom":1,"pixelmon:figy_berry":2,"minecraft:mutton":2,"minecraft:snowball":9,"pixelmon:dynite_ore":1,"pixelmon:power_belt":1,"minecraft:gold_nugget":1,"pixelmon:iapapa_berry":1,"minecraft:bamboo":1,"minecraft:beef":5,"pixelmon:curry_leek":2,"minecraft:white_wool":6,"minecraft:netherrack":93,"pixelmon:thunder_stone_shard":2,"minecraft:terracotta":1},"minecraft:crafted":{"minecraft:crafting_table":1,"byg:holly_planks":40,"byg:holly_boat":1},"minecraft:mined":{"minecraft:podzol":1,"pixelmon:berry_leaves_leppa":1,"minecraft:basalt":5,"pixelmon:ruby_ore":4,"minecraft:clay":1,"byg:holly_log":10,"minecraft:granite":1,"minecraft:oak_wood":1,"minecraft:grass_block":19,"minecraft:tall_grass":8,"minecraft:diorite":1,"minecraft:sandstone":1,"minecraft:glowstone":6,"minecraft:sea_pickle":1,"minecraft:grass_path":1,"minecraft:grass":17,"pixelmon:crystal_ore":3,"minecraft:dirt":11,"minecraft:sand":5,"minecraft:packed_ice":5,"minecraft:terracotta":4,"minecraft:stone":23,"minecraft:netherrack":181,"minecraft:fern":1},"minecraft:used":{"minecraft:cooked_mutton":4,"minecraft:diorite":1,"minecraft:flint_and_steel":1,"minecraft:sandstone":1,"byg:holly_boat":1,"minecraft:netherrack":18,"minecraft:sand":2,"minecraft:dirt":28,"minecraft:terracotta":3,"minecraft:crafting_table":1,"minecraft:oak_wood":1,"minecraft:granite":1,"pixelmon:razz_berry":2,"minecraft:bread":55,"pixelmon:amethyst_pickaxe":252,"minecraft:cobblestone":22,"byg:holly_planks":2,"minecraft:ice":6},"minecraft:custom":{"minecraft:interact_with_crafting_table":1,"minecraft:open_barrel":9,"minecraft:play_one_minute":424960,"minecraft:leave_game":40,"minecraft:time_since_death":73915,"minecraft:climb_one_cm":1840,"minecraft:time_since_rest":73949,"minecraft:sprint_one_cm":986235,"minecraft:damage_taken":2355,"minecraft:walk_one_cm":1453284,"minecraft:trigger_trapped_chest":1,"minecraft:drop":48,"minecraft:damage_dealt":31,"minecraft:player_kills":1,"minecraft:swim_one_cm":39486,"minecraft:fly_one_cm":351685,"minecraft:open_chest":28,"minecraft:crouch_one_cm":2740,"minecraft:deaths":3,"minecraft:sneak_time":878,"minecraft:walk_under_water_one_cm":42225,"minecraft:boat_one_cm":81826,"minecraft:jump":3001,"minecraft:interact_with_brewingstand":3,"minecraft:walk_on_water_one_cm":49716,"minecraft:horse_one_cm":7625,"minecraft:fall_one_cm":71773}},"DataVersion":2586}