{"stats":{"minecraft:used":{"pixelmon:apricorn_leaves_blue":7,"minecraft:bread":4,"minecraft:stone_pickaxe":29,"minecraft:wooden_pickaxe":13,"minecraft:stone_axe":2,"minecraft:crafting_table":1,"pixelmon:apricorn_leaves_black":5,"minecraft:acacia_leaves":1},"minecraft:crafted":{"minecraft:crafting_table":1,"minecraft:stick":12,"minecraft:wooden_pickaxe":1,"minecraft:stone_pickaxe":1,"pixelmon:yellow_berry_wood_planks":12,"minecraft:stone_axe":1},"minecraft:dropped":{"minecraft:bread":64,"minecraft:wheat_seeds":1,"minecraft:cornflower":1},"minecraft:mined":{"pixelmon:apricorn_leaves_black":13,"pixelmon:thunder_stone_ore":2,"minecraft:crafting_table":1,"minecraft:grass":18,"minecraft:grass_block":1,"pixelmon:silicon_ore":22,"pixelmon:apricorn_leaves_blue":7,"pixelmon:apricorn_log":6,"minecraft:dirt":2,"minecraft:stone_slab":2,"minecraft:stone":9,"minecraft:oak_leaves":2},"minecraft:picked_up":{"pixelmon:black_apricorn":11,"minecraft:crafting_table":1,"pixelmon:silicon_ore":22,"minecraft:stone_slab":4,"pixelmon:apricorn_log":6,"pixelmon:thunder_stone_shard":2,"pixelmon:apricorn_leaves_black":13,"minecraft:dirt":3,"pixelmon:blue_apricorn":1,"pixelmon:apricorn_leaves_blue":7,"minecraft:wheat_seeds":2,"minecraft:cobblestone":8},"minecraft:custom":{"minecraft:time_since_rest":17656,"minecraft:sprint_one_cm":39643,"minecraft:damage_taken":130,"minecraft:walk_one_cm":56918,"minecraft:drop":3,"minecraft:damage_dealt":10,"minecraft:interact_with_crafting_table":2,"minecraft:swim_one_cm":961,"minecraft:fly_one_cm":81739,"minecraft:crouch_one_cm":1245,"minecraft:play_time":17656,"minecraft:sneak_time":872,"minecraft:walk_under_water_one_cm":69,"minecraft:jump":368,"minecraft:time_since_death":17656,"minecraft:walk_on_water_one_cm":390,"minecraft:total_world_time":17656,"minecraft:fall_one_cm":13385}},"DataVersion":3578}