{"stats":{"minecraft:broken":{"minecraft:stone_pickaxe":1},"minecraft:used":{"minecraft:stone_pickaxe":138,"minecraft:ender_pearl":1,"minecraft:wooden_pickaxe":21,"minecraft:shield":1,"minecraft:rotten_flesh":1,"pixelmon:black_apricorn":2,"minecraft:torch":2,"minecraft:crafting_table":2,"minecraft:acacia_leaves":2,"minecraft:white_bed":4,"pixelmon:apricorn_leaves_blue":12,"minecraft:bread":33,"pixelmon:red_pc":6,"minecraft:stone_axe":24,"minecraft:cobblestone":6,"pixelmon:apricorn_leaves_black":48,"minecraft:acacia_wood":1},"minecraft:mined":{"pixelmon:apricorn_leaves_black":265,"minecraft:tuff":1,"minecraft:white_bed":5,"minecraft:crafting_table":2,"minecraft:torch":1,"pixelmon:silicon_ore":27,"minecraft:grass_block":1,"pixelmon:apricorn_leaves_blue":32,"minecraft:redstone_wire":1,"minecraft:stone_slab":2,"minecraft:tall_grass":10,"minecraft:wall_torch":1,"pixelmon:apricorn_plant_black":2,"minecraft:iron_ore":68,"minecraft:acacia_wood":1,"minecraft:deepslate_lapis_ore":2,"pixelmon:thunder_stone_ore":3,"minecraft:grass":38,"minecraft:deepslate_iron_ore":13,"pixelmon:apricorn_log":33,"minecraft:dirt":2,"minecraft:stone":23,"minecraft:oak_leaves":7,"minecraft:deepslate":9,"pixelmon:apricorn_leaves_pink":3},"minecraft:crafted":{"minecraft:crafting_table":1,"minecraft:wooden_pickaxe":1,"pixelmon:yellow_berry_wood_planks":36,"pixelmon:poke_ball":2,"minecraft:stone_axe":1,"minecraft:stick":12,"minecraft:stone_pickaxe":1},"minecraft:custom":{"minecraft:interact_with_furnace":20,"minecraft:interact_with_crafting_table":5,"minecraft:leave_game":12,"minecraft:time_since_death":171488,"minecraft:sleep_in_bed":6,"minecraft:time_since_rest":64336,"minecraft:sprint_one_cm":344897,"minecraft:damage_taken":799,"minecraft:walk_one_cm":417584,"minecraft:damage_blocked_by_shield":15,"minecraft:drop":46,"minecraft:damage_dealt":562,"minecraft:swim_one_cm":10820,"minecraft:fly_one_cm":725298,"minecraft:player_kills":2,"minecraft:crouch_one_cm":22568,"minecraft:play_time":171488,"minecraft:sneak_time":6942,"minecraft:walk_under_water_one_cm":6864,"minecraft:jump":3802,"minecraft:walk_on_water_one_cm":26132,"minecraft:total_world_time":171488,"minecraft:fall_one_cm":120614},"minecraft:picked_up":{"pixelmon:poke_ball_lid":3,"minecraft:crafting_table":2,"pixelmon:silicon_ore":26,"minecraft:acacia_leaves":4,"minecraft:leather":1,"minecraft:stone_slab":4,"minecraft:acacia_wood":1,"pixelmon:poke_ball":18,"minecraft:tuff":1,"pixelmon:iron_base":2,"minecraft:gunpowder":1,"pixelmon:thunder_stone_shard":6,"minecraft:lapis_lazuli":16,"minecraft:dirt":3,"minecraft:string":1,"pixelmon:apricorn_leaves_blue":50,"minecraft:wheat_seeds":12,"minecraft:cobbled_deepslate":7,"minecraft:stone_pickaxe":1,"minecraft:pitcher_pod":1,"minecraft:ghast_tear":1,"pixelmon:black_apricorn":249,"minecraft:stick":1,"minecraft:raw_iron":107,"pixelmon:apricorn_leaves_pink":3,"minecraft:torch":3,"minecraft:porkchop":1,"minecraft:stone_button":3,"pixelmon:apricorn_log":32,"minecraft:white_bed":6,"minecraft:redstone":1,"pixelmon:apricorn_leaves_black":251,"minecraft:spider_eye":1,"pixelmon:blue_apricorn":16,"minecraft:stone_sword":1,"minecraft:rotten_flesh":1,"pixelmon:pink_apricorn":6,"minecraft:stone_axe":1,"minecraft:white_wool":5,"minecraft:cod":3,"minecraft:rail":2,"minecraft:cobblestone":22},"minecraft:dropped":{"pixelmon:black_apricorn":37,"minecraft:bread":66,"minecraft:stone_axe":1,"minecraft:wheat_seeds":14,"minecraft:porkchop":1,"pixelmon:apricorn_leaves_pink":3,"minecraft:stone_sword":1,"minecraft:cobbled_deepslate":7,"minecraft:tuff":1,"minecraft:raw_iron":108,"pixelmon:pink_apricorn":6,"minecraft:rotten_flesh":2,"pixelmon:apricorn_leaves_blue":19,"pixelmon:pokemail_brick":1,"minecraft:stone_slab":4,"minecraft:blaze_powder":1,"minecraft:white_bed":1,"minecraft:rail":2,"minecraft:acacia_leaves":3,"minecraft:cod":3,"minecraft:dirt":3,"pixelmon:blue_apricorn":7,"minecraft:stone_button":1,"minecraft:cornflower":1,"minecraft:dead_bush":1,"minecraft:spider_eye":1,"pixelmon:apricorn_leaves_black":11,"minecraft:wooden_pickaxe":1,"minecraft:stone_pickaxe":1,"minecraft:ghast_tear":2,"minecraft:string":1,"minecraft:oak_leaves":1,"pixelmon:thunder_stone_shard":3}},"DataVersion":3578}