{"stats":{"minecraft:used":{"pixelmon:apricorn_leaves_blue":7,"minecraft:bread":9,"minecraft:stone_pickaxe":88,"minecraft:wooden_pickaxe":13,"minecraft:stone_axe":3,"minecraft:crafting_table":2,"pixelmon:apricorn_leaves_black":12,"minecraft:acacia_leaves":1},"minecraft:crafted":{"minecraft:crafting_table":1,"minecraft:stick":12,"minecraft:wooden_pickaxe":1,"minecraft:stone_pickaxe":1,"pixelmon:yellow_berry_wood_planks":12,"minecraft:stone_axe":1},"minecraft:dropped":{"pixelmon:black_apricorn":37,"minecraft:bread":64,"minecraft:wheat_seeds":1,"pixelmon:blue_apricorn":7,"minecraft:cornflower":1,"minecraft:raw_iron":8,"pixelmon:pink_apricorn":6},"minecraft:mined":{"pixelmon:apricorn_leaves_black":94,"minecraft:iron_ore":32,"pixelmon:thunder_stone_ore":3,"minecraft:crafting_table":1,"minecraft:grass":20,"minecraft:grass_block":1,"pixelmon:silicon_ore":27,"pixelmon:apricorn_leaves_blue":23,"minecraft:deepslate_iron_ore":10,"pixelmon:apricorn_log":9,"minecraft:dirt":2,"minecraft:stone_slab":2,"minecraft:stone":12,"minecraft:oak_leaves":2,"minecraft:wall_torch":1,"minecraft:deepslate":6,"pixelmon:apricorn_leaves_pink":3},"minecraft:picked_up":{"minecraft:raw_iron":42,"pixelmon:black_apricorn":87,"minecraft:crafting_table":1,"pixelmon:apricorn_leaves_pink":3,"pixelmon:silicon_ore":26,"minecraft:torch":1,"minecraft:stone_slab":4,"pixelmon:poke_ball":2,"pixelmon:apricorn_log":9,"pixelmon:thunder_stone_shard":3,"pixelmon:apricorn_leaves_black":92,"minecraft:dirt":3,"pixelmon:blue_apricorn":7,"pixelmon:pink_apricorn":6,"pixelmon:apricorn_leaves_blue":22,"minecraft:wheat_seeds":2,"minecraft:cobbled_deepslate":6,"minecraft:rail":2,"minecraft:cobblestone":11},"minecraft:custom":{"minecraft:time_since_rest":41656,"minecraft:interact_with_furnace":3,"minecraft:sprint_one_cm":111019,"minecraft:damage_taken":160,"minecraft:walk_one_cm":119626,"minecraft:drop":9,"minecraft:damage_dealt":10,"minecraft:interact_with_crafting_table":4,"minecraft:swim_one_cm":6026,"minecraft:fly_one_cm":160411,"minecraft:crouch_one_cm":5157,"minecraft:play_time":41656,"minecraft:sneak_time":1920,"minecraft:walk_under_water_one_cm":667,"minecraft:jump":870,"minecraft:time_since_death":41656,"minecraft:walk_on_water_one_cm":11796,"minecraft:total_world_time":41656,"minecraft:fall_one_cm":24452}},"DataVersion":3578}