{"stats":{"minecraft:custom":{"minecraft:interact_with_crafting_table":16,"minecraft:bell_ring":10,"minecraft:leave_game":28,"minecraft:time_since_death":117055,"minecraft:sprint_one_cm":987835,"minecraft:walk_one_cm":1099553,"minecraft:damage_blocked_by_shield":15,"minecraft:drop":113,"minecraft:play_time":482761,"minecraft:deaths":2,"minecraft:sneak_time":15879,"minecraft:walk_under_water_one_cm":27014,"minecraft:jump":9236,"minecraft:walk_on_water_one_cm":42895,"minecraft:total_world_time":482761,"minecraft:interact_with_furnace":58,"minecraft:sleep_in_bed":27,"minecraft:time_since_rest":62130,"minecraft:damage_taken":2397,"minecraft:damage_dealt":1117,"minecraft:player_kills":4,"minecraft:swim_one_cm":94491,"minecraft:fly_one_cm":1970072,"minecraft:open_chest":41,"minecraft:crouch_one_cm":47572,"minecraft:fall_one_cm":288667,"minecraft:horse_one_cm":975793},"minecraft:killed_by":{"minecraft:player":1},"minecraft:crafted":{"minecraft:furnace":3,"pixelmon:cooked_black_apricorn":5,"pixelmon:aluminium_ingot":10,"minecraft:cooked_mutton":4,"minecraft:stone_pickaxe":3,"pixelmon:silver_ingot":15,"minecraft:cooked_beef":1,"minecraft:crafting_table":2,"minecraft:wooden_pickaxe":2,"pixelmon:yellow_berry_wood_planks":92,"pixelmon:poke_ball":2,"minecraft:stone_axe":2,"minecraft:air":0,"minecraft:stick":24,"minecraft:iron_pickaxe":1,"minecraft:iron_ingot":47,"minecraft:white_bed":1,"minecraft:torch":4},"minecraft:used":{"pixelmon:apricorn_leaves_yellow":4,"minecraft:shield":1,"minecraft:bell":1,"minecraft:rotten_flesh":11,"minecraft:torch":10,"minecraft:dirt":115,"pixelmon:apricorn_leaves_blue":12,"minecraft:grass_block":254,"pixelmon:red_pc":6,"minecraft:beef":6,"minecraft:furnace":3,"minecraft:acacia_wood":1,"minecraft:cooked_beef":1,"minecraft:cooked_mutton":4,"minecraft:stone_pickaxe":229,"minecraft:ender_pearl":4,"minecraft:wooden_pickaxe":48,"pixelmon:orange_trade_machine":2,"pixelmon:black_apricorn":2,"minecraft:crafting_table":4,"minecraft:acacia_leaves":2,"minecraft:white_bed":15,"minecraft:bread":69,"minecraft:iron_pickaxe":178,"minecraft:stone_axe":69,"minecraft:cobblestone":6,"pixelmon:apricorn_leaves_black":110,"minecraft:bucket":1},"minecraft:picked_up":{"minecraft:crafting_table":5,"pixelmon:silicon_ore":26,"minecraft:stone_slab":4,"pixelmon:iron_base":2,"pixelmon:apricorn_leaves_yellow":139,"minecraft:shield":1,"pixelmon:thunder_stone_shard":9,"pixelmon:wooden_base":2,"minecraft:string":6,"minecraft:raw_copper":6,"minecraft:gold_nugget":2,"minecraft:cobbled_deepslate":11,"minecraft:beef":3,"pixelmon:orange_trade_machine":1,"minecraft:furnace":3,"pixelmon:bauxite_ore":43,"pixelmon:black_apricorn":401,"minecraft:stick":8,"minecraft:raw_iron":188,"pixelmon:apricorn_leaves_pink":3,"minecraft:stone":3,"pixelmon:thunder_stone":1,"minecraft:torch":10,"minecraft:porkchop":1,"minecraft:stone_button":3,"pixelmon:apricorn_log":187,"pixelmon:yellow_berry_wood_planks":36,"minecraft:redstone":1,"minecraft:tnt":14,"minecraft:stone_sword":1,"pixelmon:silver_ore":35,"minecraft:rotten_flesh":21,"pixelmon:pink_apricorn":6,"pixelmon:ruby":8,"pixelmon:red_apricorn":2,"minecraft:mutton":4,"minecraft:cod":3,"minecraft:rail":2,"minecraft:white_wool":13,"minecraft:cobblestone":92,"minecraft:oxeye_daisy":1,"pixelmon:poke_ball_lid":8,"minecraft:feather":2,"minecraft:acacia_leaves":4,"minecraft:leather":2,"minecraft:acacia_wood":1,"pixelmon:poke_ball":53,"minecraft:tuff":1,"pixelmon:aluminium_ingot":2,"minecraft:gunpowder":1,"minecraft:lapis_lazuli":39,"minecraft:dirt":143,"pixelmon:big_root":1,"minecraft:bone":2,"pixelmon:apricorn_leaves_blue":169,"minecraft:wheat_seeds":38,"minecraft:small_dripleaf":2,"minecraft:stone_pickaxe":1,"minecraft:rabbit":5,"minecraft:pitcher_pod":1,"minecraft:oak_planks":16,"pixelmon:sapphire":4,"pixelmon:yellow_apricorn":185,"minecraft:ghast_tear":1,"pixelmon:pokemail_orange":2,"minecraft:dandelion":3,"minecraft:white_bed":15,"pixelmon:apricorn_leaves_black":363,"minecraft:spider_eye":3,"pixelmon:blue_apricorn":114,"minecraft:diamond":20,"minecraft:stone_axe":2,"minecraft:bread":1,"pixelmon:platinum_ore":2,"minecraft:coal":21,"minecraft:ender_pearl":1},"minecraft:dropped":{"minecraft:bread":66,"pixelmon:big_mushroom":1,"pixelmon:poke_ball_lid":9,"minecraft:porkchop":1,"minecraft:wheat_seeds":32,"pixelmon:apricorn_leaves_pink":3,"minecraft:pitcher_pod":1,"pixelmon:pink_apricorn":6,"minecraft:feather":1,"pixelmon:apricorn_leaves_yellow":7,"minecraft:leather":1,"minecraft:rail":2,"minecraft:cod":3,"minecraft:oxeye_daisy":1,"minecraft:dirt":28,"minecraft:stone_button":1,"minecraft:cornflower":1,"pixelmon:pokemail_orange":2,"pixelmon:orange_trade_machine":1,"minecraft:dead_bush":1,"pixelmon:apricorn_leaves_black":78,"minecraft:mud":1,"minecraft:string":5,"pixelmon:apricorn_log":64,"minecraft:redstone":3,"pixelmon:thunder_stone_shard":6,"minecraft:bone":1,"minecraft:dandelion":3,"pixelmon:black_apricorn":293,"pixelmon:aluminium_ingot":2,"minecraft:stone_axe":1,"pixelmon:red_apricorn":2,"pixelmon:yellow_apricorn":183,"minecraft:stone_sword":1,"minecraft:cobbled_deepslate":7,"minecraft:raw_copper":2,"minecraft:tuff":1,"minecraft:raw_iron":108,"minecraft:rotten_flesh":2,"pixelmon:apricorn_leaves_blue":29,"pixelmon:pokemail_brick":1,"minecraft:stone_slab":4,"minecraft:blaze_powder":1,"minecraft:white_bed":1,"minecraft:acacia_leaves":3,"minecraft:gunpowder":1,"pixelmon:blue_apricorn":114,"pixelmon:wooden_base":4,"minecraft:melon_seeds":1,"pixelmon:kebia_berry":1,"minecraft:small_dripleaf":3,"minecraft:spider_eye":5,"minecraft:wooden_pickaxe":1,"minecraft:stone_pickaxe":1,"minecraft:ghast_tear":2,"minecraft:oak_leaves":1,"pixelmon:poke_ball":4,"minecraft:brick":2},"minecraft:mined":{"pixelmon:sapphire_ore":4,"pixelmon:apricorn_leaves_black":322,"minecraft:diamond_ore":2,"minecraft:tuff":1,"minecraft:white_bed":13,"minecraft:deepslate_diamond_ore":18,"pixelmon:ruby_ore":8,"minecraft:grass_block":4,"minecraft:redstone_wire":1,"pixelmon:platinum_ore":2,"minecraft:oxeye_daisy":1,"pixelmon:apricorn_plant_black":2,"minecraft:furnace":3,"minecraft:iron_ore":126,"minecraft:acacia_wood":1,"minecraft:deepslate_lapis_ore":3,"minecraft:deepslate_iron_ore":36,"pixelmon:bauxite_ore":43,"pixelmon:silver_ore":35,"minecraft:stone":83,"minecraft:dandelion":3,"minecraft:crafting_table":4,"minecraft:torch":3,"pixelmon:apricorn_leaves_blue":131,"pixelmon:silicon_ore":27,"minecraft:stone_slab":2,"minecraft:tall_grass":16,"minecraft:wall_torch":5,"minecraft:birch_leaves":1,"minecraft:tnt":33,"pixelmon:thunder_stone_ore":3,"minecraft:grass":116,"minecraft:coal_ore":21,"pixelmon:apricorn_leaves_yellow":110,"pixelmon:apricorn_log":146,"minecraft:dirt":9,"minecraft:oak_leaves":13,"minecraft:deepslate":18,"pixelmon:apricorn_leaves_pink":3},"minecraft:broken":{"minecraft:stone_pickaxe":1}},"DataVersion":3578}