{"stats":{"minecraft:crafted":{"minecraft:crafting_table":1,"minecraft:stick":12},"minecraft:dropped":{"minecraft:bread":64,"minecraft:cornflower":1,"minecraft:wheat_seeds":1},"minecraft:mined":{"minecraft:grass":12},"minecraft:picked_up":{"minecraft:wheat_seeds":1},"minecraft:custom":{"minecraft:jump":86,"minecraft:time_since_rest":5656,"minecraft:crouch_one_cm":224,"minecraft:sprint_one_cm":16435,"minecraft:play_time":5656,"minecraft:time_since_death":5656,"minecraft:walk_one_cm":10433,"minecraft:sneak_time":31,"minecraft:total_world_time":5656,"minecraft:drop":3,"minecraft:fall_one_cm":2775,"minecraft:fly_one_cm":21647}},"DataVersion":3578}