{"stats":{"minecraft:used":{"pixelmon:apricorn_leaves_blue":10,"minecraft:bread":10,"minecraft:stone_pickaxe":96,"minecraft:wooden_pickaxe":13,"minecraft:stone_axe":3,"minecraft:crafting_table":2,"pixelmon:apricorn_leaves_black":23,"minecraft:acacia_leaves":1},"minecraft:crafted":{"minecraft:crafting_table":1,"minecraft:stick":12,"minecraft:wooden_pickaxe":1,"minecraft:stone_pickaxe":1,"pixelmon:yellow_berry_wood_planks":12,"minecraft:stone_axe":1},"minecraft:dropped":{"pixelmon:black_apricorn":37,"minecraft:bread":64,"minecraft:stone_axe":1,"minecraft:porkchop":1,"minecraft:wheat_seeds":1,"pixelmon:blue_apricorn":7,"minecraft:cornflower":1,"minecraft:raw_iron":8,"pixelmon:pink_apricorn":6,"minecraft:stone_pickaxe":1},"minecraft:mined":{"pixelmon:apricorn_leaves_black":94,"minecraft:iron_ore":32,"minecraft:deepslate_lapis_ore":2,"pixelmon:thunder_stone_ore":3,"minecraft:crafting_table":1,"minecraft:grass":20,"minecraft:grass_block":1,"pixelmon:silicon_ore":27,"pixelmon:apricorn_leaves_blue":23,"minecraft:deepslate_iron_ore":13,"pixelmon:apricorn_log":9,"minecraft:dirt":2,"minecraft:stone_slab":2,"minecraft:stone":12,"minecraft:oak_leaves":2,"minecraft:wall_torch":1,"minecraft:deepslate":8,"pixelmon:apricorn_leaves_pink":3,"minecraft:tuff":1},"minecraft:picked_up":{"minecraft:raw_iron":45,"pixelmon:black_apricorn":87,"minecraft:crafting_table":1,"pixelmon:apricorn_leaves_pink":3,"pixelmon:silicon_ore":26,"minecraft:torch":2,"minecraft:stone_slab":4,"pixelmon:poke_ball":13,"minecraft:porkchop":1,"minecraft:tuff":1,"pixelmon:apricorn_log":9,"minecraft:lapis_lazuli":16,"pixelmon:thunder_stone_shard":3,"pixelmon:apricorn_leaves_black":92,"minecraft:dirt":3,"pixelmon:blue_apricorn":7,"pixelmon:pink_apricorn":6,"pixelmon:apricorn_leaves_blue":22,"minecraft:stone_axe":1,"minecraft:wheat_seeds":2,"minecraft:cobbled_deepslate":7,"minecraft:stone_pickaxe":1,"minecraft:rail":2,"minecraft:cobblestone":11},"minecraft:custom":{"minecraft:time_since_rest":53656,"minecraft:interact_with_furnace":19,"minecraft:sprint_one_cm":121181,"minecraft:damage_taken":210,"minecraft:walk_one_cm":154456,"minecraft:drop":12,"minecraft:damage_dealt":10,"minecraft:interact_with_crafting_table":4,"minecraft:swim_one_cm":6758,"minecraft:fly_one_cm":178815,"minecraft:crouch_one_cm":6851,"minecraft:play_time":53656,"minecraft:sneak_time":2416,"minecraft:walk_under_water_one_cm":833,"minecraft:jump":1198,"minecraft:time_since_death":53656,"minecraft:walk_on_water_one_cm":13491,"minecraft:total_world_time":53656,"minecraft:fall_one_cm":34258}},"DataVersion":3578}