{"stats":{"minecraft:used":{"pixelmon:apricorn_leaves_blue":7,"minecraft:bread":5,"minecraft:stone_pickaxe":36,"minecraft:wooden_pickaxe":13,"minecraft:stone_axe":3,"minecraft:crafting_table":2,"pixelmon:apricorn_leaves_black":5,"minecraft:acacia_leaves":1},"minecraft:crafted":{"minecraft:crafting_table":1,"minecraft:stick":12,"minecraft:wooden_pickaxe":1,"minecraft:stone_pickaxe":1,"pixelmon:yellow_berry_wood_planks":12,"minecraft:stone_axe":1},"minecraft:dropped":{"pixelmon:black_apricorn":37,"minecraft:bread":64,"minecraft:wheat_seeds":1,"minecraft:cornflower":1},"minecraft:mined":{"pixelmon:apricorn_leaves_black":93,"pixelmon:thunder_stone_ore":3,"minecraft:crafting_table":1,"minecraft:grass":20,"minecraft:grass_block":1,"pixelmon:silicon_ore":27,"pixelmon:apricorn_leaves_blue":23,"pixelmon:apricorn_log":9,"minecraft:dirt":2,"minecraft:stone_slab":2,"minecraft:stone":9,"minecraft:oak_leaves":2,"pixelmon:apricorn_leaves_pink":3},"minecraft:picked_up":{"pixelmon:black_apricorn":87,"minecraft:crafting_table":1,"pixelmon:apricorn_leaves_pink":3,"pixelmon:silicon_ore":26,"minecraft:stone_slab":4,"pixelmon:poke_ball":2,"pixelmon:apricorn_log":9,"pixelmon:thunder_stone_shard":3,"pixelmon:apricorn_leaves_black":91,"minecraft:dirt":3,"pixelmon:blue_apricorn":7,"pixelmon:pink_apricorn":3,"pixelmon:apricorn_leaves_blue":22,"minecraft:wheat_seeds":2,"minecraft:cobblestone":8},"minecraft:custom":{"minecraft:time_since_rest":29656,"minecraft:interact_with_furnace":3,"minecraft:sprint_one_cm":69230,"minecraft:damage_taken":130,"minecraft:walk_one_cm":85093,"minecraft:drop":5,"minecraft:damage_dealt":10,"minecraft:interact_with_crafting_table":4,"minecraft:swim_one_cm":5958,"minecraft:fly_one_cm":130893,"minecraft:crouch_one_cm":1986,"minecraft:play_time":29656,"minecraft:sneak_time":1037,"minecraft:walk_under_water_one_cm":361,"minecraft:jump":585,"minecraft:time_since_death":29656,"minecraft:walk_on_water_one_cm":1071,"minecraft:total_world_time":29656,"minecraft:fall_one_cm":18697}},"DataVersion":3578}