{"stats":{"minecraft:custom":{"minecraft:interact_with_crafting_table":8,"minecraft:bell_ring":5,"minecraft:leave_game":25,"minecraft:time_since_death":20897,"minecraft:sprint_one_cm":797054,"minecraft:walk_one_cm":846942,"minecraft:damage_blocked_by_shield":15,"minecraft:drop":104,"minecraft:play_time":386603,"minecraft:deaths":2,"minecraft:sneak_time":8678,"minecraft:walk_under_water_one_cm":25413,"minecraft:jump":7666,"minecraft:walk_on_water_one_cm":33509,"minecraft:total_world_time":386603,"minecraft:interact_with_furnace":24,"minecraft:sleep_in_bed":23,"minecraft:time_since_rest":803,"minecraft:damage_taken":2197,"minecraft:damage_dealt":1117,"minecraft:swim_one_cm":94491,"minecraft:fly_one_cm":1699573,"minecraft:player_kills":4,"minecraft:open_chest":35,"minecraft:crouch_one_cm":28175,"minecraft:fall_one_cm":250316,"minecraft:horse_one_cm":975793},"minecraft:killed_by":{"minecraft:player":1},"minecraft:crafted":{"minecraft:stone_pickaxe":2,"minecraft:crafting_table":1,"minecraft:wooden_pickaxe":1,"pixelmon:yellow_berry_wood_planks":36,"pixelmon:poke_ball":2,"minecraft:stone_axe":1,"minecraft:stick":12,"minecraft:white_bed":1},"minecraft:used":{"pixelmon:apricorn_leaves_yellow":4,"minecraft:shield":1,"minecraft:bell":1,"minecraft:rotten_flesh":7,"minecraft:torch":2,"pixelmon:apricorn_leaves_blue":12,"minecraft:grass_block":254,"pixelmon:red_pc":6,"minecraft:acacia_wood":1,"minecraft:stone_pickaxe":139,"minecraft:ender_pearl":4,"minecraft:wooden_pickaxe":21,"pixelmon:orange_trade_machine":2,"pixelmon:black_apricorn":2,"minecraft:crafting_table":2,"minecraft:acacia_leaves":2,"minecraft:white_bed":15,"minecraft:bread":69,"minecraft:stone_axe":66,"minecraft:cobblestone":6,"pixelmon:apricorn_leaves_black":97},"minecraft:picked_up":{"minecraft:crafting_table":3,"pixelmon:silicon_ore":26,"minecraft:stone_slab":4,"pixelmon:iron_base":2,"pixelmon:apricorn_leaves_yellow":139,"minecraft:shield":1,"pixelmon:thunder_stone_shard":9,"pixelmon:wooden_base":2,"minecraft:string":4,"minecraft:raw_copper":6,"minecraft:gold_nugget":2,"minecraft:cobbled_deepslate":7,"minecraft:beef":2,"pixelmon:orange_trade_machine":1,"pixelmon:black_apricorn":320,"minecraft:stick":8,"minecraft:raw_iron":107,"pixelmon:apricorn_leaves_pink":3,"pixelmon:thunder_stone":1,"minecraft:torch":4,"minecraft:porkchop":1,"minecraft:stone_button":3,"pixelmon:apricorn_log":173,"pixelmon:yellow_berry_wood_planks":36,"minecraft:redstone":1,"minecraft:tnt":14,"minecraft:stone_sword":1,"minecraft:rotten_flesh":20,"pixelmon:pink_apricorn":6,"pixelmon:red_apricorn":2,"minecraft:cobblestone":32,"minecraft:rail":2,"minecraft:mutton":4,"minecraft:cod":3,"minecraft:white_wool":13,"minecraft:oxeye_daisy":1,"pixelmon:poke_ball_lid":8,"minecraft:feather":1,"minecraft:acacia_leaves":4,"minecraft:leather":2,"minecraft:acacia_wood":1,"pixelmon:poke_ball":53,"minecraft:tuff":1,"pixelmon:aluminium_ingot":2,"minecraft:gunpowder":1,"minecraft:lapis_lazuli":32,"minecraft:dirt":110,"pixelmon:big_root":1,"minecraft:bone":2,"pixelmon:apricorn_leaves_blue":169,"minecraft:wheat_seeds":35,"minecraft:small_dripleaf":2,"minecraft:stone_pickaxe":1,"minecraft:rabbit":5,"minecraft:pitcher_pod":1,"minecraft:oak_planks":16,"pixelmon:yellow_apricorn":185,"minecraft:ghast_tear":1,"pixelmon:pokemail_orange":2,"minecraft:dandelion":1,"minecraft:white_bed":15,"pixelmon:apricorn_leaves_black":345,"minecraft:spider_eye":2,"pixelmon:blue_apricorn":114,"minecraft:stone_axe":2,"minecraft:bread":1,"minecraft:ender_pearl":1},"minecraft:dropped":{"minecraft:bread":66,"pixelmon:big_mushroom":1,"pixelmon:poke_ball_lid":9,"minecraft:porkchop":1,"minecraft:wheat_seeds":29,"pixelmon:apricorn_leaves_pink":3,"minecraft:pitcher_pod":1,"pixelmon:pink_apricorn":6,"pixelmon:apricorn_leaves_yellow":7,"minecraft:leather":1,"minecraft:rail":2,"minecraft:cod":3,"minecraft:oxeye_daisy":1,"minecraft:dirt":3,"minecraft:stone_button":1,"minecraft:cornflower":1,"pixelmon:pokemail_orange":2,"pixelmon:orange_trade_machine":1,"minecraft:dead_bush":1,"pixelmon:apricorn_leaves_black":76,"minecraft:mud":1,"minecraft:string":5,"minecraft:bone":1,"minecraft:dandelion":1,"pixelmon:thunder_stone_shard":6,"minecraft:redstone":3,"pixelmon:apricorn_log":64,"pixelmon:black_apricorn":293,"pixelmon:aluminium_ingot":2,"minecraft:stone_axe":1,"pixelmon:red_apricorn":2,"pixelmon:yellow_apricorn":183,"minecraft:stone_sword":1,"minecraft:cobbled_deepslate":7,"minecraft:raw_copper":2,"minecraft:tuff":1,"minecraft:raw_iron":108,"minecraft:rotten_flesh":2,"pixelmon:apricorn_leaves_blue":29,"pixelmon:pokemail_brick":1,"minecraft:stone_slab":4,"minecraft:blaze_powder":1,"minecraft:white_bed":1,"minecraft:acacia_leaves":3,"minecraft:gunpowder":1,"pixelmon:blue_apricorn":114,"pixelmon:wooden_base":4,"minecraft:melon_seeds":1,"pixelmon:kebia_berry":1,"minecraft:small_dripleaf":3,"minecraft:spider_eye":1,"minecraft:wooden_pickaxe":1,"minecraft:stone_pickaxe":1,"minecraft:ghast_tear":2,"minecraft:oak_leaves":1,"pixelmon:poke_ball":4,"minecraft:brick":2},"minecraft:mined":{"pixelmon:apricorn_leaves_black":322,"minecraft:tuff":1,"minecraft:white_bed":13,"minecraft:grass_block":1,"minecraft:redstone_wire":1,"minecraft:oxeye_daisy":1,"pixelmon:apricorn_plant_black":2,"minecraft:iron_ore":68,"minecraft:acacia_wood":1,"minecraft:deepslate_lapis_ore":2,"minecraft:deepslate_iron_ore":13,"minecraft:stone":23,"minecraft:dandelion":1,"minecraft:crafting_table":2,"minecraft:torch":1,"pixelmon:apricorn_leaves_blue":131,"pixelmon:silicon_ore":27,"minecraft:stone_slab":2,"minecraft:tall_grass":13,"minecraft:wall_torch":1,"minecraft:birch_leaves":1,"minecraft:tnt":33,"pixelmon:thunder_stone_ore":3,"minecraft:grass":97,"pixelmon:apricorn_leaves_yellow":110,"pixelmon:apricorn_log":131,"minecraft:dirt":2,"minecraft:oak_leaves":13,"minecraft:deepslate":9,"pixelmon:apricorn_leaves_pink":3},"minecraft:broken":{"minecraft:stone_pickaxe":1}},"DataVersion":3578}