{"stats":{"minecraft:broken":{"minecraft:stone_pickaxe":1},"minecraft:used":{"pixelmon:apricorn_leaves_yellow":4,"minecraft:stone_pickaxe":138,"minecraft:ender_pearl":3,"minecraft:wooden_pickaxe":21,"minecraft:shield":1,"minecraft:torch":2,"minecraft:rotten_flesh":1,"pixelmon:black_apricorn":2,"minecraft:crafting_table":2,"minecraft:acacia_leaves":2,"minecraft:white_bed":9,"pixelmon:apricorn_leaves_blue":12,"minecraft:bread":64,"pixelmon:red_pc":6,"minecraft:stone_axe":57,"minecraft:cobblestone":6,"pixelmon:apricorn_leaves_black":96,"minecraft:acacia_wood":1},"minecraft:mined":{"pixelmon:apricorn_leaves_black":321,"minecraft:tuff":1,"minecraft:white_bed":10,"minecraft:crafting_table":2,"minecraft:torch":1,"pixelmon:silicon_ore":27,"minecraft:grass_block":1,"pixelmon:apricorn_leaves_blue":131,"minecraft:redstone_wire":1,"minecraft:stone_slab":2,"minecraft:tall_grass":13,"minecraft:wall_torch":1,"pixelmon:apricorn_plant_black":2,"minecraft:iron_ore":68,"minecraft:acacia_wood":1,"minecraft:birch_leaves":1,"minecraft:deepslate_lapis_ore":2,"pixelmon:thunder_stone_ore":3,"minecraft:grass":73,"minecraft:deepslate_iron_ore":13,"pixelmon:apricorn_leaves_yellow":110,"pixelmon:apricorn_log":131,"minecraft:dirt":2,"minecraft:stone":23,"pixelmon:apricorn_leaves_pink":3,"minecraft:oak_leaves":13,"minecraft:deepslate":9},"minecraft:crafted":{"minecraft:crafting_table":1,"minecraft:wooden_pickaxe":1,"pixelmon:yellow_berry_wood_planks":36,"pixelmon:poke_ball":2,"minecraft:stone_axe":1,"minecraft:stick":12,"minecraft:stone_pickaxe":1},"minecraft:custom":{"minecraft:interact_with_furnace":21,"minecraft:interact_with_crafting_table":5,"minecraft:leave_game":22,"minecraft:time_since_death":291520,"minecraft:sleep_in_bed":11,"minecraft:time_since_rest":10495,"minecraft:sprint_one_cm":634871,"minecraft:damage_taken":1509,"minecraft:walk_one_cm":645362,"minecraft:damage_blocked_by_shield":15,"minecraft:drop":81,"minecraft:damage_dealt":562,"minecraft:swim_one_cm":94491,"minecraft:fly_one_cm":1303499,"minecraft:player_kills":2,"minecraft:open_chest":10,"minecraft:crouch_one_cm":26865,"minecraft:play_time":291520,"minecraft:walk_under_water_one_cm":25413,"minecraft:sneak_time":8304,"minecraft:jump":6276,"minecraft:walk_on_water_one_cm":33509,"minecraft:total_world_time":291520,"minecraft:fall_one_cm":208917},"minecraft:picked_up":{"pixelmon:poke_ball_lid":5,"minecraft:crafting_table":2,"minecraft:feather":1,"pixelmon:silicon_ore":26,"minecraft:leather":1,"minecraft:acacia_leaves":4,"minecraft:stone_slab":4,"minecraft:acacia_wood":1,"pixelmon:poke_ball":42,"pixelmon:aluminium_ingot":1,"minecraft:tuff":1,"pixelmon:iron_base":2,"pixelmon:apricorn_leaves_yellow":75,"minecraft:gunpowder":1,"pixelmon:thunder_stone_shard":9,"minecraft:string":4,"minecraft:lapis_lazuli":16,"pixelmon:wooden_base":2,"minecraft:dirt":3,"minecraft:raw_copper":4,"pixelmon:apricorn_leaves_blue":105,"minecraft:wheat_seeds":25,"minecraft:gold_nugget":2,"minecraft:cobbled_deepslate":7,"minecraft:beef":1,"minecraft:stone_pickaxe":1,"minecraft:pitcher_pod":1,"pixelmon:yellow_apricorn":104,"minecraft:ghast_tear":1,"pixelmon:black_apricorn":294,"minecraft:stick":1,"minecraft:raw_iron":107,"pixelmon:apricorn_leaves_pink":3,"pixelmon:pokemail_orange":1,"minecraft:torch":3,"minecraft:porkchop":1,"minecraft:stone_button":3,"pixelmon:apricorn_log":123,"minecraft:white_bed":11,"minecraft:redstone":1,"pixelmon:apricorn_leaves_black":258,"minecraft:spider_eye":1,"pixelmon:blue_apricorn":114,"minecraft:stone_sword":1,"minecraft:rotten_flesh":4,"pixelmon:pink_apricorn":6,"minecraft:stone_axe":1,"pixelmon:red_apricorn":2,"minecraft:white_wool":7,"minecraft:cod":3,"minecraft:rail":2,"minecraft:cobblestone":22},"minecraft:dropped":{"pixelmon:black_apricorn":293,"minecraft:bread":66,"pixelmon:aluminium_ingot":2,"pixelmon:poke_ball_lid":3,"minecraft:stone_axe":1,"pixelmon:red_apricorn":2,"minecraft:porkchop":1,"minecraft:wheat_seeds":26,"pixelmon:apricorn_leaves_pink":3,"pixelmon:yellow_apricorn":104,"minecraft:stone_sword":1,"minecraft:cobbled_deepslate":7,"minecraft:raw_copper":2,"minecraft:tuff":1,"minecraft:pitcher_pod":1,"minecraft:raw_iron":108,"pixelmon:pink_apricorn":6,"minecraft:rotten_flesh":2,"pixelmon:apricorn_leaves_blue":29,"pixelmon:apricorn_leaves_yellow":7,"pixelmon:pokemail_brick":1,"minecraft:stone_slab":4,"minecraft:blaze_powder":1,"minecraft:white_bed":1,"minecraft:acacia_leaves":3,"minecraft:rail":2,"minecraft:cod":3,"minecraft:dirt":3,"minecraft:gunpowder":1,"pixelmon:blue_apricorn":114,"minecraft:stone_button":1,"minecraft:cornflower":1,"pixelmon:wooden_base":2,"pixelmon:pokemail_orange":1,"minecraft:melon_seeds":1,"minecraft:dead_bush":1,"minecraft:spider_eye":1,"pixelmon:apricorn_leaves_black":76,"minecraft:stone_pickaxe":1,"minecraft:wooden_pickaxe":1,"minecraft:ghast_tear":2,"minecraft:string":5,"minecraft:oak_leaves":1,"pixelmon:apricorn_log":64,"minecraft:redstone":3,"minecraft:brick":2,"pixelmon:thunder_stone_shard":6}},"DataVersion":3578}