{"stats":{"minecraft:picked_up":{"minecraft:crafting_table":5,"minecraft:wheat":15,"minecraft:feather":1,"minecraft:chicken":1,"minecraft:acacia_log":13,"pixelmon:film":13,"pixelmon:aluminium_ingot":1,"minecraft:blast_furnace":1,"pixelmon:fridge":1,"minecraft:redstone":1,"minecraft:dirt":5,"minecraft:string":3,"pixelmon:yache_berry":1,"minecraft:acacia_planks":14,"minecraft:wheat_seeds":21,"minecraft:hay_block":25,"pixelmon:oven":2,"pixelmon:red_apricorn":1,"pixelmon:berry_leaves_yache":3,"minecraft:cobblestone":32},"minecraft:used":{"minecraft:rabbit":2,"minecraft:bread":1,"minecraft:stone_pickaxe":2,"pixelmon:red_apricorn":1,"minecraft:wooden_pickaxe":32,"minecraft:stone_hoe":9,"minecraft:rotten_flesh":1,"minecraft:stone_axe":11,"minecraft:dirt":2,"minecraft:crafting_table":4,"minecraft:porkchop":4,"minecraft:carrot":2,"minecraft:egg":1,"pixelmon:oven":1},"minecraft:dropped":{"pixelmon:yellow_shard":1,"minecraft:wheat_seeds":4,"pixelmon:film":13,"minecraft:wooden_pickaxe":2,"minecraft:string":1,"minecraft:acacia_planks":14,"minecraft:acacia_button":1},"minecraft:crafted":{"minecraft:crafting_table":2,"minecraft:stick":24,"minecraft:wooden_pickaxe":2,"minecraft:stone_pickaxe":2,"minecraft:acacia_planks":52,"minecraft:acacia_button":1,"minecraft:stone_hoe":1,"minecraft:stone_axe":2,"minecraft:bread":54,"minecraft:wheat":147},"minecraft:mined":{"minecraft:hay_block":25,"minecraft:acacia_leaves":1,"pixelmon:fridge":1,"pixelmon:apricorn_plant_red":1,"minecraft:crafting_table":5,"pixelmon:red_healer":1,"minecraft:grass":13,"minecraft:blast_furnace":1,"minecraft:acacia_log":14,"minecraft:grass_block":3,"pixelmon:berry_leaves_yache":4,"minecraft:dirt":2,"minecraft:tall_grass":3,"pixelmon:oven":2,"minecraft:stone":32},"minecraft:custom":{"minecraft:time_since_rest":61994,"minecraft:damage_taken":140,"minecraft:walk_one_cm":160790,"minecraft:interact_with_furnace":2,"minecraft:sprint_one_cm":112246,"minecraft:drop":9,"minecraft:swim_one_cm":5299,"minecraft:interact_with_crafting_table":8,"minecraft:fly_one_cm":221514,"minecraft:open_barrel":8,"minecraft:open_chest":12,"minecraft:crouch_one_cm":4208,"minecraft:play_time":61994,"minecraft:sneak_time":1288,"minecraft:walk_under_water_one_cm":2609,"minecraft:interact_with_brewingstand":1,"minecraft:jump":1099,"minecraft:leave_game":2,"minecraft:time_since_death":61994,"minecraft:walk_on_water_one_cm":2543,"minecraft:total_world_time":61994,"minecraft:climb_one_cm":1624,"minecraft:fall_one_cm":38038}},"DataVersion":3578}