{"stats":{"minecraft:picked_up":{"minecraft:crafting_table":1,"minecraft:acacia_log":6,"pixelmon:oran_berry":1,"minecraft:oak_log":1,"minecraft:dead_bush":3,"minecraft:string":1,"minecraft:wheat_seeds":8,"minecraft:bread":25,"minecraft:sugar_cane":2,"minecraft:gray_bed":2,"minecraft:coal":5,"minecraft:acacia_sapling":1,"minecraft:cobblestone":21},"minecraft:used":{"minecraft:bread":5,"minecraft:stone_pickaxe":3,"minecraft:wooden_pickaxe":24,"minecraft:stone_axe":8,"minecraft:crafting_table":1},"minecraft:dropped":{"minecraft:acacia_sapling":1},"minecraft:crafted":{"minecraft:crafting_table":1,"minecraft:stick":8,"minecraft:wooden_pickaxe":1,"minecraft:stone_pickaxe":1,"minecraft:acacia_planks":24,"minecraft:stone_axe":1},"minecraft:mined":{"minecraft:acacia_sapling":1,"minecraft:gray_bed":2,"minecraft:crafting_table":1,"minecraft:grass":2,"minecraft:acacia_log":6,"minecraft:oak_log":2,"minecraft:coal_ore":5,"minecraft:tall_grass":1,"minecraft:stone":21,"minecraft:sugar_cane":2,"minecraft:fern":1},"minecraft:custom":{"minecraft:time_since_rest":23877,"minecraft:sprint_one_cm":72300,"minecraft:damage_taken":30,"minecraft:walk_one_cm":53535,"minecraft:drop":1,"minecraft:swim_one_cm":17965,"minecraft:interact_with_crafting_table":2,"minecraft:fly_one_cm":131430,"minecraft:open_barrel":8,"minecraft:open_chest":1,"minecraft:crouch_one_cm":1700,"minecraft:play_time":23877,"minecraft:sneak_time":511,"minecraft:walk_under_water_one_cm":1676,"minecraft:jump":557,"minecraft:leave_game":2,"minecraft:walk_on_water_one_cm":3383,"minecraft:time_since_death":23877,"minecraft:total_world_time":23877,"minecraft:fall_one_cm":19389}},"DataVersion":3578}