{"stats":{"minecraft:picked_up":{"minecraft:crafting_table":3,"byg:soapstone":19,"pixelmon:silicon_ore":3,"minecraft:gold_block":2,"pixelmon:pinap_berry":1,"pixelmon:ultra_elm_fence":6,"pixelmon:pink_pc":2,"pixelmon:aluminum_base":1,"minecraft:compass":1,"pixelmon:mug_ball":1,"pixelmon:magenta_trade_machine":1,"minecraft:beef":1,"pixelmon:pixelmon_sprite":2,"minecraft:poppy":1,"pixelmon:bauxite_ore":38,"minecraft:stick":2,"minecraft:stone":2,"pixelmon:fire_stone_shard":6,"pixelmon:starf_berry":1,"minecraft:stone_button":1,"minecraft:diorite":1,"minecraft:carrot":1,"minecraft:blue_carpet":1,"pixelmon:crystal":7,"pixelmon:blue_berry_wood_boat":1,"pixelmon:x_defense":2,"pixelmon:water_gem":1,"minecraft:rotten_flesh":3,"pixelmon:silver_ore":1,"pixelmon:lure_casing_weak":2,"pixelmon:ruby":8,"pixelmon:moomoo_milk":1,"minecraft:cobblestone":25,"pixelmon:poke_ball_lid":1,"minecraft:andesite":1,"minecraft:salmon":2,"pixelmon:film":2,"pixelmon:poke_ball":16,"pixelmon:oran_berry":2,"pixelmon:aluminium_ingot":1,"minecraft:paper":2,"pixelmon:super_potion":7,"pixelmon:lure_casing_strong":1,"byg:scoria_cobblestone":4,"minecraft:gray_carpet":3,"pixelmon:touga_berry":1,"minecraft:wheat_seeds":2,"pixelmon:ultra_elm_boat":1,"pixelmon:potion":4,"minecraft:cobweb":12,"minecraft:iron_ore":64,"minecraft:glowstone_dust":2,"minecraft:rabbit":3,"pixelmon:infuser":1,"pixelmon:sapphire":10,"pixelmon:water_stone_sword":2,"pixelmon:yellow_apricorn":34,"pixelmon:fossil_display":1,"pixelmon:xs_exp_candy":2,"pixelmon:eggant_berry":1,"pixelmon:amethyst":11,"pixelmon:niniku_berry":1,"minecraft:stripped_spruce_log":2,"minecraft:spruce_sapling":1,"minecraft:spruce_log":7,"minecraft:cyan_bed":1,"minecraft:granite":1,"minecraft:painting":7,"pixelmon:mug_pika":1,"pixelmon:platinum_ore":6,"minecraft:coal":52,"minecraft:sunflower":2},"minecraft:custom":{"minecraft:interact_with_crafting_table":8,"minecraft:open_barrel":193,"minecraft:bell_ring":2,"minecraft:leave_game":2,"minecraft:time_since_death":138121,"minecraft:climb_one_cm":15480,"minecraft:sprint_one_cm":579287,"minecraft:walk_one_cm":435690,"minecraft:drop":58,"minecraft:deaths":1,"minecraft:sneak_time":9039,"minecraft:walk_under_water_one_cm":32806,"minecraft:jump":7094,"minecraft:interact_with_brewingstand":2,"minecraft:walk_on_water_one_cm":42496,"minecraft:interact_with_furnace":4,"minecraft:play_one_minute":278885,"minecraft:interact_with_loom":3,"minecraft:time_since_rest":138162,"minecraft:damage_taken":762,"minecraft:damage_dealt":33,"minecraft:swim_one_cm":39265,"minecraft:fly_one_cm":1246288,"minecraft:open_chest":166,"minecraft:crouch_one_cm":27934,"minecraft:interact_with_smoker":2,"minecraft:fall_one_cm":131822},"minecraft:broken":{"minecraft:iron_pickaxe":1},"minecraft:dropped":{"pixelmon:sapphire":1,"pixelmon:ruby":4,"pixelmon:ultra_elm_fence":6,"pixelmon:bauxite_ore":3,"pixelmon:blue_berry_wood_boat":1,"minecraft:cobblestone":5,"pixelmon:pink_pc":2,"pixelmon:touga_berry":1,"minecraft:cobweb":15,"pixelmon:niniku_berry":1,"pixelmon:xs_exp_candy":1,"minecraft:diorite":1,"pixelmon:super_potion":7,"byg:soapstone":5,"minecraft:rabbit":2,"pixelmon:starf_berry":1,"pixelmon:lure_casing_weak":1,"minecraft:sunflower":2,"minecraft:paper":2,"minecraft:blue_carpet":1,"minecraft:gray_carpet":3,"minecraft:spruce_sapling":1,"pixelmon:aluminium_ingot":1,"pixelmon:x_defense":1,"minecraft:rotten_flesh":1,"minecraft:glowstone_dust":2,"pixelmon:silicon_ore":3,"pixelmon:fire_stone_shard":4,"minecraft:salmon":2,"minecraft:carrot":1,"pixelmon:pinap_berry":1,"minecraft:poppy":1,"minecraft:stone":2,"pixelmon:silver_ore":1,"minecraft:andesite":1,"pixelmon:eggant_berry":1,"pixelmon:pixelmon_sprite":1,"minecraft:painting":4,"minecraft:stone_pickaxe":1,"minecraft:beef":1,"pixelmon:water_stone_sword":2,"pixelmon:poke_ball":5},"minecraft:used":{"minecraft:chest":1,"minecraft:iron_sword":5,"minecraft:granite":1,"minecraft:iron_axe":33,"pixelmon:fossil_display":1,"pixelmon:mug_ball":1,"minecraft:water_bucket":88,"minecraft:stone_pickaxe":1,"minecraft:crafting_table":5,"pixelmon:crystal_pickaxe":13,"minecraft:chiseled_quartz_block":1,"minecraft:bread":48,"minecraft:iron_pickaxe":250,"pixelmon:water_stone_sword":14,"byg:soapstone":14,"minecraft:cobblestone":17,"byg:scoria_cobblestone":4,"minecraft:bucket":88},"minecraft:mined":{"pixelmon:sapphire_ore":9,"pixelmon:apricorn_leaves_black":1,"pixelmon:ruby_ore":9,"minecraft:granite":1,"pixelmon:platinum_ore":6,"pixelmon:pink_healer":1,"pixelmon:berry_plant_touga":2,"pixelmon:berry_plant_oran":1,"pixelmon:fire_stone_ore":2,"minecraft:iron_ore":48,"minecraft:turtle_egg":2,"minecraft:andesite":1,"minecraft:stripped_spruce_log":2,"minecraft:peony":1,"minecraft:gold_block":2,"pixelmon:mug_pika":1,"pixelmon:berry_plant_pinap":1,"pixelmon:bauxite_ore":38,"pixelmon:berry_plant_eggant":1,"pixelmon:silver_ore":1,"minecraft:stone":39,"pixelmon:amethyst_ore":11,"minecraft:crafting_table":3,"pixelmon:silicon_ore":3,"minecraft:tall_grass":12,"minecraft:cobblestone":2,"minecraft:cyan_bed":1,"pixelmon:mug_ball":1,"minecraft:diorite":1,"pixelmon:ultra_elm_fence":3,"byg:soapstone":19,"pixelmon:berry_plant_starf":1,"byg:scoria_stone":4,"minecraft:spruce_log":7,"minecraft:grass":28,"minecraft:coal_ore":50,"pixelmon:crystal_ore":8,"pixelmon:apricorn_leaves_yellow":1,"pixelmon:apricorn_log":1,"minecraft:netherrack":1,"minecraft:fern":2},"minecraft:crafted":{"minecraft:stone_pickaxe":1,"minecraft:chest":1,"minecraft:crafting_table":3,"minecraft:spruce_planks":36,"pixelmon:poke_ball":1,"minecraft:stick":8,"minecraft:iron_pickaxe":1,"pixelmon:crystal_pickaxe":1}},"DataVersion":2586}