{"stats":{"minecraft:picked_up":{"pixelmon:silicon_ore":3,"pixelmon:coba_berry":1,"pixelmon:ultra_elm_fence":6,"pixelmon:pink_pc":2,"pixelmon:wacan_berry":2,"pixelmon:aluminum_base":1,"minecraft:string":2,"pixelmon:pixelmon_sprite":2,"pixelmon:aguav_berry":1,"minecraft:stick":4,"pixelmon:starf_berry":1,"pixelmon:belue_berry":3,"minecraft:diorite":1,"minecraft:brown_carpet":1,"pixelmon:crystal":11,"pixelmon:blue_berry_wood_boat":1,"pixelmon:blue_rug":1,"minecraft:green_banner":1,"pixelmon:nutpea_berry":2,"minecraft:rotten_flesh":3,"pixelmon:sitrus_berry":52,"minecraft:polished_basalt":2,"pixelmon:ruby":12,"minecraft:obsidian":3,"pixelmon:moomoo_milk":1,"minecraft:cod":1,"minecraft:snowball":6,"minecraft:blaze_powder":2,"minecraft:cobblestone":78,"minecraft:andesite":4,"pixelmon:film":2,"tcg:essence_jar":1,"pixelmon:oran_berry":2,"minecraft:flint":1,"minecraft:prismarine_bricks":1,"minecraft:dirt":14,"minecraft:lantern":1,"pixelmon:lure_casing_strong":1,"minecraft:wheat_seeds":8,"pixelmon:potion":4,"pixelmon:ultra_elm_boat":1,"pixelmon:infuser":1,"minecraft:rabbit":3,"minecraft:glowstone_dust":2,"pixelmon:relic_gold":1,"pixelmon:kuo_berry":1,"minecraft:mossy_stone_brick_stairs":1,"pixelmon:salac_berry":1,"pixelmon:eggant_berry":1,"minecraft:stripped_crimson_stem":1,"minecraft:sand":41,"minecraft:stripped_spruce_log":2,"minecraft:cyan_bed":1,"minecraft:dark_oak_log":1,"minecraft:mossy_cobblestone":1,"minecraft:blue_terracotta":1,"minecraft:blue_ice":1,"minecraft:granite":5,"minecraft:netherrack":350,"minecraft:crafting_table":9,"byg:soapstone":19,"minecraft:sandstone_slab":1,"minecraft:gold_block":17,"pixelmon:pinap_berry":1,"pixelmon:power_belt":1,"minecraft:iron_axe":3,"minecraft:compass":1,"minecraft:cyan_carpet":8,"pixelmon:mug_ball":1,"pixelmon:magenta_trade_machine":1,"minecraft:beef":4,"minecraft:poppy":2,"minecraft:chest":1,"pixelmon:bauxite_ore":38,"minecraft:stone":2,"pixelmon:burn_heal":11,"pixelmon:fire_stone_shard":6,"minecraft:polished_blackstone_bricks":10,"minecraft:stone_button":1,"minecraft:carrot":1,"minecraft:blue_carpet":1,"minecraft:stone_pressure_plate":1,"pixelmon:x_defense":3,"minecraft:tnt":9,"pixelmon:water_gem":1,"pixelmon:silver_ore":1,"pixelmon:lure_casing_weak":4,"minecraft:polished_blackstone":1,"byg:frost_magma":1,"minecraft:mutton":3,"pixelmon:exp_share":3,"pixelmon:poke_ball_lid":1,"minecraft:tripwire_hook":1,"minecraft:salmon":2,"minecraft:cut_sandstone":2,"minecraft:blackstone_slab":2,"minecraft:ice":8,"minecraft:birch_planks":1,"pixelmon:poke_ball":28,"pixelmon:aluminium_ingot":1,"minecraft:paper":2,"pixelmon:figy_berry":1,"pixelmon:super_potion":7,"byg:scoria_cobblestone":4,"minecraft:stone_bricks":2,"minecraft:gray_carpet":3,"pixelmon:touga_berry":1,"minecraft:iron_ingot":2,"minecraft:cobweb":12,"minecraft:iron_ore":64,"pixelmon:iron":1,"pixelmon:sapphire":18,"pixelmon:water_stone_sword":2,"pixelmon:yellow_apricorn":65,"pixelmon:fossil_display":1,"minecraft:birch_boat":1,"minecraft:daylight_detector":1,"pixelmon:xs_exp_candy":6,"minecraft:quartz":2,"pixelmon:niniku_berry":1,"pixelmon:amethyst":20,"minecraft:spruce_sapling":1,"minecraft:blast_furnace":3,"minecraft:spruce_log":22,"byg:palo_verde_log":8,"pixelmon:mug_pika":1,"minecraft:painting":7,"minecraft:lodestone":1,"pixelmon:platinum_ore":6,"minecraft:coal":52,"minecraft:sunflower":2},"minecraft:dropped":{"pixelmon:ruby":4,"minecraft:daylight_detector":1,"minecraft:birch_planks":5,"pixelmon:bauxite_ore":3,"pixelmon:kuo_berry":1,"pixelmon:blue_berry_wood_boat":1,"minecraft:crafting_table":2,"minecraft:sandstone_slab":1,"minecraft:mossy_stone_brick_stairs":1,"pixelmon:salac_berry":1,"pixelmon:touga_berry":1,"minecraft:dirt":1,"minecraft:packed_ice":1,"minecraft:ice":8,"pixelmon:super_potion":7,"pixelmon:figy_berry":1,"minecraft:mutton":3,"minecraft:cut_sandstone":2,"minecraft:snowball":6,"pixelmon:starf_berry":1,"pixelmon:lure_casing_weak":2,"minecraft:sunflower":2,"minecraft:sand":27,"minecraft:dark_oak_planks":4,"minecraft:cyan_carpet":8,"pixelmon:silk_scarf":1,"pixelmon:burn_heal":4,"pixelmon:x_defense":2,"byg:frost_magma":1,"minecraft:rotten_flesh":3,"minecraft:glowstone_dust":2,"minecraft:green_banner":1,"pixelmon:silicon_ore":3,"pixelmon:platinum_chestplate":1,"minecraft:cooked_mutton":3,"pixelmon:fire_stone_shard":4,"minecraft:salmon":2,"minecraft:carrot":1,"pixelmon:pinap_berry":1,"minecraft:poppy":2,"pixelmon:tumblestone":2,"pixelmon:power_belt":1,"minecraft:painting":4,"minecraft:blackstone_slab":2,"minecraft:beef":4,"minecraft:prismarine_bricks":1,"pixelmon:poke_ball":5,"pixelmon:belue_berry":3,"pixelmon:sapphire":1,"pixelmon:blue_rug":1,"minecraft:iron_ingot":2,"pixelmon:ultra_elm_fence":6,"minecraft:wheat_seeds":6,"pixelmon:exp_share":2,"minecraft:mossy_cobblestone":1,"minecraft:cobblestone":15,"pixelmon:relic_gold":1,"pixelmon:pink_pc":2,"pixelmon:nutpea_berry":2,"minecraft:cobweb":15,"pixelmon:niniku_berry":1,"minecraft:stripped_crimson_stem":1,"pixelmon:xs_exp_candy":5,"minecraft:diorite":1,"byg:soapstone":5,"minecraft:rabbit":2,"pixelmon:plasma_plate":1,"minecraft:iron_axe":3,"pixelmon:adrenaline_orb":1,"minecraft:paper":2,"minecraft:blue_carpet":1,"minecraft:gray_carpet":3,"minecraft:spruce_sapling":1,"tcg:essence_jar":1,"pixelmon:aluminium_ingot":1,"pixelmon:yellow_apricorn":1,"pixelmon:aluminium_helmet":2,"pixelmon:coba_berry":1,"pixelmon:wacan_berry":2,"minecraft:stone":2,"pixelmon:silver_ore":1,"minecraft:spruce_planks":5,"minecraft:andesite":3,"minecraft:blue_ice":1,"pixelmon:eggant_berry":1,"minecraft:brown_carpet":1,"pixelmon:pixelmon_sprite":1,"minecraft:stone_pickaxe":1,"pixelmon:water_stone_sword":2},"minecraft:crafted":{"minecraft:birch_boat":1,"minecraft:chest":1,"minecraft:crafting_table":3,"minecraft:spruce_planks":96,"pixelmon:poke_ball":1,"minecraft:birch_planks":32,"minecraft:stick":8,"minecraft:iron_ingot":10,"minecraft:iron_pickaxe":1,"minecraft:gold_ingot":27,"pixelmon:crystal_pickaxe":1,"minecraft:stone_pickaxe":1,"minecraft:spruce_boat":1,"minecraft:dark_oak_planks":4},"minecraft:killed_by":{"minecraft:player":1},"minecraft:mined":{"pixelmon:sapphire_ore":17,"pixelmon:apricorn_leaves_black":1,"minecraft:stone_pressure_plate":1,"pixelmon:berry_plant_sitrus":10,"minecraft:obsidian":3,"minecraft:spruce_trapdoor":2,"minecraft:granite":5,"minecraft:grass_block":3,"minecraft:cracked_polished_blackstone_bricks":9,"pixelmon:pink_healer":1,"minecraft:green_wall_banner":1,"minecraft:chiseled_stone_bricks":1,"minecraft:polished_blackstone_bricks":13,"minecraft:iron_ore":48,"minecraft:turtle_egg":2,"minecraft:fire":3,"pixelmon:mug_pika":1,"pixelmon:berry_plant_pinap":1,"minecraft:spruce_wood":1,"minecraft:sandstone_slab":1,"minecraft:cut_sandstone":2,"minecraft:blackstone":4,"minecraft:kelp_plant":1,"minecraft:crimson_nylium":3,"tcg:essence_jar":1,"minecraft:blast_furnace":3,"pixelmon:silicon_ore":3,"minecraft:chest":1,"minecraft:nether_quartz_ore":2,"minecraft:cobblestone":26,"minecraft:cyan_bed":1,"minecraft:prismarine":2,"pixelmon:mug_ball":1,"minecraft:iron_door":1,"pixelmon:ultra_elm_fence":3,"byg:soapstone":19,"minecraft:blue_terracotta":1,"minecraft:tnt":9,"minecraft:grass":58,"pixelmon:crystal_ore":12,"pixelmon:apricorn_log":1,"minecraft:sand":45,"minecraft:dirt":15,"minecraft:netherrack":250,"minecraft:stripped_crimson_stem":1,"minecraft:daylight_detector":1,"minecraft:mossy_cobblestone":1,"minecraft:dark_oak_log":1,"pixelmon:ruby_ore":13,"pixelmon:platinum_ore":6,"minecraft:spruce_leaves":5,"pixelmon:berry_plant_touga":2,"minecraft:large_fern":1,"pixelmon:berry_plant_oran":1,"pixelmon:fire_stone_ore":2,"minecraft:polished_basalt":4,"minecraft:andesite":5,"minecraft:stripped_spruce_log":2,"minecraft:gold_block":19,"minecraft:peony":1,"minecraft:mossy_stone_brick_stairs":2,"byg:frost_magma":1,"pixelmon:bauxite_ore":38,"minecraft:packed_ice":2,"pixelmon:berry_plant_eggant":1,"minecraft:smooth_quartz_stairs":1,"pixelmon:silver_ore":1,"minecraft:stone":70,"minecraft:podzol":2,"pixelmon:amethyst_ore":20,"minecraft:basalt":8,"minecraft:crafting_table":8,"minecraft:blackstone_slab":3,"minecraft:stone_slab":1,"minecraft:tall_grass":22,"minecraft:diorite":1,"minecraft:prismarine_bricks":1,"minecraft:birch_planks":2,"pixelmon:berry_plant_starf":1,"byg:scoria_stone":4,"minecraft:ice":1,"minecraft:spruce_log":28,"minecraft:coal_ore":50,"pixelmon:apricorn_leaves_yellow":3,"byg:palo_verde_log":8,"minecraft:lodestone":1,"minecraft:cracked_stone_bricks":1,"minecraft:polished_blackstone":2,"minecraft:stone_bricks":4,"minecraft:fern":2},"minecraft:used":{"minecraft:polished_blackstone":1,"minecraft:polished_basalt":2,"minecraft:chest":1,"minecraft:iron_sword":5,"minecraft:obsidian":3,"minecraft:spruce_boat":1,"minecraft:lava_bucket":13,"minecraft:grass_block":2,"pixelmon:fossil_display":1,"minecraft:stone_bricks":2,"minecraft:stone_pickaxe":1,"minecraft:golden_apple":2,"minecraft:sand":12,"pixelmon:crystal_pickaxe":312,"minecraft:blast_furnace":3,"minecraft:blue_ice":2,"minecraft:chiseled_quartz_block":1,"minecraft:bread":158,"minecraft:spruce_planks":40,"minecraft:netherrack":166,"minecraft:dirt":16,"minecraft:granite":5,"minecraft:iron_axe":124,"pixelmon:mug_ball":1,"pixelmon:magenta_trade_machine":1,"minecraft:basalt":2,"minecraft:cooked_mutton":1,"minecraft:water_bucket":171,"minecraft:lodestone":1,"minecraft:birch_planks":23,"minecraft:birch_boat":1,"pixelmon:sitrus_berry":14,"minecraft:crafting_table":9,"minecraft:iron_pickaxe":419,"pixelmon:water_stone_sword":14,"byg:soapstone":14,"minecraft:cobblestone":52,"byg:scoria_cobblestone":4,"minecraft:bucket":184,"minecraft:grass_path":1},"minecraft:broken":{"pixelmon:crystal_pickaxe":1,"minecraft:iron_pickaxe":1},"minecraft:custom":{"minecraft:interact_with_crafting_table":14,"minecraft:open_barrel":385,"minecraft:bell_ring":2,"minecraft:leave_game":9,"minecraft:time_since_death":34233,"minecraft:sprint_one_cm":1432255,"minecraft:drop":130,"minecraft:deaths":9,"minecraft:jump":14968,"minecraft:interact_with_brewingstand":2,"minecraft:walk_on_water_one_cm":89050,"minecraft:interact_with_furnace":4,"minecraft:interact_with_cartography_table":1,"minecraft:play_one_minute":835478,"minecraft:interact_with_loom":4,"minecraft:damage_dealt":48,"minecraft:crouch_one_cm":72962,"minecraft:interact_with_smoker":2,"minecraft:horse_one_cm":142187,"minecraft:climb_one_cm":34349,"minecraft:walk_one_cm":1241082,"minecraft:sneak_time":21630,"minecraft:walk_under_water_one_cm":120886,"minecraft:boat_one_cm":140178,"minecraft:interact_with_lectern":1,"minecraft:interact_with_blast_furnace":21,"minecraft:time_since_rest":34260,"minecraft:damage_absorbed":82,"minecraft:damage_taken":6080,"minecraft:trigger_trapped_chest":1,"minecraft:swim_one_cm":118926,"minecraft:fly_one_cm":3030967,"minecraft:open_chest":383,"minecraft:aviate_one_cm":325600,"minecraft:fall_one_cm":372323}},"DataVersion":2586}