{
  "minecraft:recipes/food/cooked_mutton_from_campfire_cooking": {
    "criteria": {
      "has_mutton": "2024-11-03 20:42:44 +0000"
    },
    "done": true
  },
  "pixelmon:recipes/decor/umbrella/lime_umbrella": {
    "criteria": {
      "has_wool": "2024-11-03 20:42:44 +0000"
    },
    "done": true
  },
  "minecraft:recipes/redstone/lever": {
    "criteria": {
      "has_cobblestone": "2024-11-03 20:12:50 +0000"
    },
    "done": true
  },
  "minecraft:recipes/combat/iron_sword": {
    "criteria": {
      "has_iron_ingot": "2024-11-03 20:29:05 +0000"
    },
    "done": true
  },
  "pixelmon:recipes/decor/rug/gray_rug": {
    "criteria": {
      "has_wool": "2024-11-03 20:42:44 +0000"
    },
    "done": true
  },
  "pixelmon:recipes/decor/cushion_chair/red_cushion_chair": {
    "criteria": {
      "has_wool": "2024-11-03 20:42:44 +0000"
    },
    "done": true
  },
  "naturescompass:natures_compass": {
    "criteria": {
      "has_recipe": "2024-11-03 21:09:12 +0000"
    },
    "done": true
  },
  "pixelmon:types/capture_grass_10": {
    "criteria": {
      "capture_grass_10": "2024-11-03 19:56:03 +0000"
    },
    "done": true
  },
  "pixelmon:recipes/decor/rug/magenta_rug": {
    "criteria": {
      "has_wool": "2024-11-03 20:42:44 +0000"
    },
    "done": true
  },
  "pixelmon:recipes/pokeball/lid/ultra_ball_lid": {
    "criteria": {
      "has_apricorn": "2024-11-03 20:10:21 +0000"
    },
    "done": true
  },
  "pixelmon:recipes/decor/umbrella/brown_umbrella_dyed": {
    "criteria": {
      "has_the_recipe": "2024-11-03 20:42:44 +0000"
    },
    "done": true
  },
  "minecraft:recipes/building_blocks/lime_concrete_powder": {
    "criteria": {
      "has_sand": "2024-11-03 21:12:07 +0000"
    },
    "done": true
  },
  "pixelmon:recipes/equipment/movement/new_running_boots": {
    "criteria": {
      "has_old_running_boots": "2024-11-03 20:08:47 +0000"
    },
    "done": true
  },
  "minecraft:recipes/tools/iron_pickaxe": {
    "criteria": {
      "has_iron_ingot": "2024-11-03 20:29:05 +0000"
    },
    "done": true
  },
  "minecraft:recipes/building_blocks/yellow_concrete_powder": {
    "criteria": {
      "has_sand": "2024-11-03 21:12:07 +0000"
    },
    "done": true
  },
  "pixelmon:recipes/decor/umbrella/blue_umbrella": {
    "criteria": {
      "has_wool": "2024-11-03 20:42:44 +0000"
    },
    "done": true
  },
  "pixelmon:recipes/pokeball/lid/friend_ball_lid": {
    "criteria": {
      "has_great_ball": "2024-11-03 19:44:32 +0000"
    },
    "done": true
  },
  "pixelmon:recipes/decor/cushion_chair/lime_cushion_chair": {
    "criteria": {
      "has_wool": "2024-11-03 20:42:44 +0000"
    },
    "done": true
  },
  "pixelmon:recipes/decor/umbrella/magenta_umbrella_dyed": {
    "criteria": {
      "has_the_recipe": "2024-11-03 20:42:44 +0000"
    },
    "done": true
  },
  "minecraft:recipes/building_blocks/magenta_wool": {
    "criteria": {
      "has_white_wool": "2024-11-03 20:42:44 +0000"
    },
    "done": true
  },
  "minecraft:recipes/decorations/crafting_table": {
    "criteria": {
      "has_planks": "2024-11-03 23:35:06 +0000"
    },
    "done": true
  },
  "pixelmon:recipes/evo_item/fire_stone": {
    "criteria": {
      "has_evo_item": "2024-11-05 01:38:37 +0000"
    },
    "done": true
  },
  "pixelmon:specs/eeveelution_capture_all": {
    "criteria": {
      "0": "2024-11-03 19:47:06 +0000",
      "1": "2024-11-03 19:47:06 +0000",
      "2": "2024-11-03 19:47:06 +0000",
      "3": "2024-11-03 19:47:06 +0000",
      "4": "2024-11-03 19:47:06 +0000",
      "5": "2024-11-03 19:47:06 +0000",
      "6": "2024-11-03 19:47:06 +0000",
      "7": "2024-11-03 19:47:06 +0000",
      "8": "2024-11-03 19:47:06 +0000"
    },
    "done": true
  },
  "minecraft:recipes/building_blocks/magma_block": {
    "criteria": {
      "has_magma_cream": "2024-11-05 00:51:51 +0000"
    },
    "done": true
  },
  "pixelmon:recipes/lures/lure_type_strong": {
    "criteria": {
      "has_case_recipe": "2024-11-03 20:12:16 +0000"
    },
    "done": true
  },
  "minecraft:recipes/decorations/chest": {
    "criteria": {
      "has_lots_of_items": "2024-11-03 20:08:54 +0000"
    },
    "done": true
  },
  "pixelmon:recipes/decor/umbrella/cyan_umbrella": {
    "criteria": {
      "has_wool": "2024-11-03 20:42:44 +0000"
    },
    "done": true
  },
  "pixelmon:recipes/equipment/movement/old_running_boots": {
    "criteria": {
      "has_ingot": "2024-11-03 20:29:05 +0000"
    },
    "done": true
  },
  "pixelmon:specs/clobbopus_jump_capture_all": {
    "criteria": {
      "0": "2024-11-03 19:47:06 +0000"
    },
    "done": false
  },
  "minecraft:recipes/tools/shears": {
    "criteria": {
      "has_iron_ingot": "2024-11-03 20:29:05 +0000"
    },
    "done": true
  },
  "minecraft:recipes/misc/stick": {
    "criteria": {
      "has_planks": "2024-11-03 23:35:06 +0000"
    },
    "done": true
  },
  "pixelmon:recipes/infuser/incense/all_incense": {
    "criteria": {
      "has_the_recipe": "2024-11-03 20:07:02 +0000"
    },
    "done": true
  },
  "pixelmon:recipes/pokeball/lid/premier_ball_lid": {
    "criteria": {
      "has_poke_ball": "2024-11-03 19:44:53 +0000"
    },
    "done": true
  },
  "pixelmon:recipes/decor/gym_signs/black_gym_sign": {
    "criteria": {
      "has_ingot": "2024-11-03 20:29:05 +0000"
    },
    "done": true
  },
  "pixelmon:recipes/decor/umbrella/red_umbrella_dyed": {
    "criteria": {
      "has_the_recipe": "2024-11-03 20:42:44 +0000"
    },
    "done": true
  },
  "pixelmon:recipes/pokeball/lid/dusk_ball_lid": {
    "criteria": {
      "has_great_ball": "2024-11-03 19:44:32 +0000"
    },
    "done": true
  },
  "pixelmon:recipes/infuser/medicine/roserade_tea": {
    "criteria": {
      "has_berry": "2024-11-03 20:59:38 +0000"
    },
    "done": true
  },
  "minecraft:recipes/building_blocks/lime_terracotta": {
    "criteria": {
      "has_terracotta": "2024-11-03 21:12:34 +0000"
    },
    "done": true
  },
  "pixelmon:recipes/decor/rug/brown_rug": {
    "criteria": {
      "has_wool": "2024-11-03 20:42:44 +0000"
    },
    "done": true
  },
  "minecraft:recipes/combat/iron_leggings": {
    "criteria": {
      "has_iron_ingot": "2024-11-03 20:29:05 +0000"
    },
    "done": true
  },
  "minecraft:recipes/building_blocks/sandstone_stairs": {
    "criteria": {
      "has_sandstone": "2024-11-03 23:15:38 +0000"
    },
    "done": true
  },
  "minecraft:recipes/building_blocks/light_gray_terracotta": {
    "criteria": {
      "has_terracotta": "2024-11-03 21:12:34 +0000"
    },
    "done": true
  },
  "minecraft:recipes/brewing/golden_carrot": {
    "criteria": {
      "has_gold_nugget": "2024-11-03 20:48:54 +0000"
    },
    "done": true
  },
  "minecraft:recipes/combat/shield": {
    "criteria": {
      "has_iron_ingot": "2024-11-03 20:29:05 +0000"
    },
    "done": true
  },
  "pixelmon:recipes/decor/umbrella/orange_umbrella_dyed": {
    "criteria": {
      "has_the_recipe": "2024-11-03 20:42:44 +0000"
    },
    "done": true
  },
  "minecraft:recipes/building_blocks/cobblestone_slab": {
    "criteria": {
      "has_cobblestone": "2024-11-03 20:12:50 +0000"
    },
    "done": true
  },
  "pixelmon:recipes/decor/gym_signs/light_blue_gym_sign": {
    "criteria": {
      "has_ingot": "2024-11-03 20:29:05 +0000"
    },
    "done": true
  },
  "minecraft:recipes/redstone/hopper": {
    "criteria": {
      "has_iron_ingot": "2024-11-03 20:29:05 +0000"
    },
    "done": true
  },
  "pixelmon:recipes/decor/umbrella/red_umbrella": {
    "criteria": {
      "has_wool": "2024-11-03 20:42:44 +0000"
    },
    "done": true
  },
  "minecraft:recipes/building_blocks/pink_terracotta": {
    "criteria": {
      "has_terracotta": "2024-11-03 21:12:34 +0000"
    },
    "done": true
  },
  "pixelmon:recipes/pokeball/lid/sport_ball_lid": {
    "criteria": {
      "has_great_ball": "2024-11-03 19:44:32 +0000"
    },
    "done": true
  },
  "naturescompass:natures_compass_sapling": {
    "criteria": {
      "has_recipe": "2024-11-03 21:09:12 +0000"
    },
    "done": true
  },
  "pixelmon:recipes/decor/rug/black_rug": {
    "criteria": {
      "has_wool": "2024-11-03 20:42:44 +0000"
    },
    "done": true
  },
  "pixelmon:recipes/decor/rug/yellow_rug": {
    "criteria": {
      "has_wool": "2024-11-03 20:42:44 +0000"
    },
    "done": true
  },
  "pixelmon:recipes/decor/gym_signs/gray_gym_sign": {
    "criteria": {
      "has_ingot": "2024-11-03 20:29:05 +0000"
    },
    "done": true
  },
  "minecraft:recipes/building_blocks/light_gray_concrete_powder": {
    "criteria": {
      "has_sand": "2024-11-03 21:12:07 +0000"
    },
    "done": true
  },
  "minecraft:recipes/building_blocks/magenta_terracotta": {
    "criteria": {
      "has_terracotta": "2024-11-03 21:12:34 +0000"
    },
    "done": true
  },
  "minecraft:recipes/misc/brick": {
    "criteria": {
      "has_clay_ball": "2024-11-03 23:15:34 +0000"
    },
    "done": true
  },
  "pixelmon:recipes/equipment/crystal/crystal_equipment": {
    "criteria": {
      "has_crystal": "2024-11-03 20:12:16 +0000"
    },
    "done": true
  },
  "minecraft:recipes/building_blocks/pink_concrete_powder": {
    "criteria": {
      "has_sand": "2024-11-03 21:12:07 +0000"
    },
    "done": true
  },
  "pixelmon:recipes/infuser/juice/yellow_juice": {
    "criteria": {
      "has_yellow_juice_berry_2": "2024-11-03 22:24:34 +0000"
    },
    "done": true
  },
  "minecraft:recipes/building_blocks/sandstone_slab": {
    "criteria": {
      "has_sandstone": "2024-11-03 23:15:38 +0000"
    },
    "done": true
  },
  "pixelmon:recipes/machines/trade_machine/trade_holder_right": {
    "criteria": {
      "has_poke_ball": "2024-11-03 19:44:27 +0000"
    },
    "done": true
  },
  "pixelmon:recipes/pokeball/base/aluminum_base": {
    "criteria": {
      "has_ingot": "2024-11-03 19:44:15 +0000"
    },
    "done": true
  },
  "pixelmon:recipes/decor/cushion_chair/green_cushion_chair": {
    "criteria": {
      "has_wool": "2024-11-03 20:42:44 +0000"
    },
    "done": true
  },
  "minecraft:recipes/decorations/iron_bars": {
    "criteria": {
      "has_iron_ingot": "2024-11-03 20:29:05 +0000"
    },
    "done": true
  },
  "pixelmon:recipes/decor/cushion_chair/cyan_cushion_chair": {
    "criteria": {
      "has_wool": "2024-11-03 20:42:44 +0000"
    },
    "done": true
  },
  "pixelmon:specs/shiny_spec_trigger": {
    "criteria": {
      "shiny_spec_trigger": "2024-11-05 01:52:21 +0000"
    },
    "done": true
  },
  "minecraft:recipes/building_blocks/blue_wool": {
    "criteria": {
      "has_white_wool": "2024-11-03 20:42:44 +0000"
    },
    "done": true
  },
  "pixelmon:recipes/decor/umbrella/yellow_umbrella": {
    "criteria": {
      "has_wool": "2024-11-03 20:42:44 +0000"
    },
    "done": true
  },
  "pixelmon:recipes/decor/rug/orange_rug": {
    "criteria": {
      "has_wool": "2024-11-03 20:42:44 +0000"
    },
    "done": true
  },
  "pixelmon:recipes/machines/trade_machine/trade_monitor": {
    "criteria": {
      "has_poke_ball": "2024-11-03 19:44:27 +0000"
    },
    "done": true
  },
  "pixelmon:recipes/furnace/bauxite_ore": {
    "criteria": {
      "has_ore": "2024-11-03 23:00:55 +0000"
    },
    "done": true
  },
  "minecraft:recipes/building_blocks/sandstone": {
    "criteria": {
      "has_sand": "2024-11-03 21:12:07 +0000"
    },
    "done": true
  },
  "pixelmon:recipes/decor/folding_chair/white_folding_chair": {
    "criteria": {
      "has_wool": "2024-11-03 20:42:44 +0000"
    },
    "done": true
  },
  "minecraft:recipes/building_blocks/cobblestone_slab_from_cobblestone_stonecutting": {
    "criteria": {
      "has_cobblestone": "2024-11-03 20:12:50 +0000"
    },
    "done": true
  },
  "pixelmon:recipes/decor/umbrella/pink_umbrella_dyed": {
    "criteria": {
      "has_the_recipe": "2024-11-03 20:42:44 +0000"
    },
    "done": true
  },
  "pixelmon:recipes/decor/rug/purple_rug": {
    "criteria": {
      "has_wool": "2024-11-03 20:42:44 +0000"
    },
    "done": true
  },
  "minecraft:recipes/transportation/acacia_boat": {
    "criteria": {
      "in_water": "2024-11-03 20:11:46 +0000"
    },
    "done": true
  },
  "minecraft:recipes/redstone/iron_trapdoor": {
    "criteria": {
      "has_iron_ingot": "2024-11-03 20:29:05 +0000"
    },
    "done": true
  },
  "pixelmon:recipes/lures/lure_casing_strong": {
    "criteria": {
      "has_crystal": "2024-11-03 20:12:16 +0000"
    },
    "done": true
  },
  "minecraft:adventure/root": {
    "criteria": {
      "killed_something": "2024-11-05 01:32:23 +0000"
    },
    "done": true
  },
  "minecraft:recipes/building_blocks/polished_basalt_from_basalt_stonecutting": {
    "criteria": {
      "has_basalt": "2024-11-05 01:32:50 +0000"
    },
    "done": true
  },
  "pixelmon:recipes/equipment/vanilla/iron_hammer": {
    "criteria": {
      "has_iron_ingot": "2024-11-03 20:29:05 +0000"
    },
    "done": true
  },
  "minecraft:recipes/building_blocks/white_concrete_powder": {
    "criteria": {
      "has_sand": "2024-11-03 21:12:07 +0000"
    },
    "done": true
  },
  "pixelmon:recipes/pokeball/lid/heal_ball_lid": {
    "criteria": {
      "has_apricorn": "2024-11-03 20:10:21 +0000"
    },
    "done": true
  },
  "pixelmon:recipes/equipment/movement/mach_bike_frame": {
    "criteria": {
      "has_ingot": "2024-11-03 20:29:05 +0000"
    },
    "done": true
  },
  "pixelmon:recipes/decor/gym_signs/green_gym_sign": {
    "criteria": {
      "has_ingot": "2024-11-03 20:29:05 +0000"
    },
    "done": true
  },
  "pixelmon:recipes/decor/umbrella/black_umbrella": {
    "criteria": {
      "has_wool": "2024-11-03 20:42:44 +0000"
    },
    "done": true
  },
  "pixelmon:recipes/decor/gym_signs/yellow_gym_sign": {
    "criteria": {
      "has_ingot": "2024-11-03 20:29:05 +0000"
    },
    "done": true
  },
  "minecraft:recipes/misc/ender_eye": {
    "criteria": {
      "has_blaze_powder": "2024-11-05 01:34:56 +0000"
    },
    "done": true
  },
  "pixelmon:recipes/curry/toast": {
    "criteria": {
      "has_bread": "2024-11-03 20:10:00 +0000"
    },
    "done": true
  },
  "minecraft:recipes/redstone/redstone_block": {
    "criteria": {
      "has_redstone": "2024-11-03 23:34:24 +0000"
    },
    "done": true
  },
  "pixelmon:recipes/decor/cushion_chair/purple_cushion_chair": {
    "criteria": {
      "has_wool": "2024-11-03 20:42:44 +0000"
    },
    "done": true
  },
  "minecraft:recipes/food/cooked_beef_from_smoking": {
    "criteria": {
      "has_beef": "2024-11-03 20:31:20 +0000"
    },
    "done": true
  },
  "pixelmon:recipes/decor/umbrella/light_blue_umbrella": {
    "criteria": {
      "has_wool": "2024-11-03 20:42:44 +0000"
    },
    "done": true
  },
  "minecraft:recipes/food/cooked_mutton_from_smoking": {
    "criteria": {
      "has_mutton": "2024-11-03 20:42:44 +0000"
    },
    "done": true
  },
  "pixelmon:recipes/machines/infuser": {
    "criteria": {
      "has_ingot": "2024-11-03 20:29:05 +0000"
    },
    "done": true
  },
  "minecraft:recipes/decorations/granite_wall_from_granite_stonecutting": {
    "criteria": {
      "has_granite": "2024-11-03 23:15:37 +0000"
    },
    "done": true
  },
  "minecraft:recipes/decorations/chain": {
    "criteria": {
      "has_iron_ingot": "2024-11-03 20:29:05 +0000"
    },
    "done": true
  },
  "minecraft:recipes/building_blocks/cyan_terracotta": {
    "criteria": {
      "has_terracotta": "2024-11-03 21:12:34 +0000"
    },
    "done": true
  },
  "minecraft:recipes/food/cooked_porkchop": {
    "criteria": {
      "has_porkchop": "2024-11-03 20:35:59 +0000"
    },
    "done": true
  },
  "minecraft:recipes/building_blocks/orange_concrete_powder": {
    "criteria": {
      "has_sand": "2024-11-03 21:12:07 +0000"
    },
    "done": true
  },
  "pixelmon:recipes/decor/gym_signs/white_gym_sign": {
    "criteria": {
      "has_ingot": "2024-11-03 20:29:05 +0000"
    },
    "done": true
  },
  "pixelmon:recipes/decor/gym_signs/red_gym_sign": {
    "criteria": {
      "has_ingot": "2024-11-03 20:29:05 +0000"
    },
    "done": true
  },
  "minecraft:recipes/food/cooked_porkchop_from_campfire_cooking": {
    "criteria": {
      "has_porkchop": "2024-11-03 20:35:59 +0000"
    },
    "done": true
  },
  "pixelmon:recipes/equipment/curry_dex": {
    "criteria": {
      "has_curry_ingredient": "2024-11-03 22:25:40 +0000"
    },
    "done": true
  },
  "minecraft:recipes/building_blocks/granite_stairs": {
    "criteria": {
      "has_granite": "2024-11-03 23:15:37 +0000"
    },
    "done": true
  },
  "minecraft:recipes/brewing/blaze_powder": {
    "criteria": {
      "has_blaze_rod": "2024-11-05 00:51:50 +0000"
    },
    "done": true
  },
  "pixelmon:recipes/decor/chair/white_chair": {
    "criteria": {
      "has_wool": "2024-11-03 20:42:44 +0000"
    },
    "done": true
  },
  "minecraft:recipes/building_blocks/black_wool": {
    "criteria": {
      "has_white_wool": "2024-11-03 20:42:44 +0000"
    },
    "done": true
  },
  "pixelmon:types/capture_poison_10": {
    "criteria": {
      "capture_poison_10": "2024-11-03 19:53:27 +0000"
    },
    "done": true
  },
  "minecraft:recipes/building_blocks/diorite_stairs_from_diorite_stonecutting": {
    "criteria": {
      "has_diorite": "2024-11-03 23:15:32 +0000"
    },
    "done": true
  },
  "pixelmon:types/capture_type_trigger": {
    "criteria": {
      "capture_any": "2024-11-03 19:47:06 +0000"
    },
    "done": true
  },
  "minecraft:recipes/building_blocks/iron_block": {
    "criteria": {
      "has_iron_ingot": "2024-11-03 20:29:05 +0000"
    },
    "done": true
  },
  "pixelmon:recipes/decor/umbrella/light_blue_umbrella_dyed": {
    "criteria": {
      "has_the_recipe": "2024-11-03 20:42:44 +0000"
    },
    "done": true
  },
  "pixelmon:recipes/decor/gym_signs/pink_gym_sign": {
    "criteria": {
      "has_ingot": "2024-11-03 20:29:05 +0000"
    },
    "done": true
  },
  "minecraft:recipes/building_blocks/clay": {
    "criteria": {
      "has_clay_ball": "2024-11-03 23:15:34 +0000"
    },
    "done": true
  },
  "pixelmon:recipes/decor/umbrella/green_umbrella": {
    "criteria": {
      "has_wool": "2024-11-03 20:42:44 +0000"
    },
    "done": true
  },
  "pixelmon:recipes/pokeball/lid/quick_ball_lid": {
    "criteria": {
      "has_great_ball": "2024-11-03 19:44:32 +0000"
    },
    "done": true
  },
  "minecraft:recipes/building_blocks/light_blue_wool": {
    "criteria": {
      "has_white_wool": "2024-11-03 20:42:44 +0000"
    },
    "done": true
  },
  "pixelmon:recipes/infuser/juice/colorful_juice": {
    "criteria": {
      "has_juice_berry_1": "2024-11-03 20:59:38 +0000"
    },
    "done": true
  },
  "minecraft:recipes/building_blocks/oak_planks": {
    "criteria": {
      "has_logs": "2024-11-03 21:09:12 +0000"
    },
    "done": true
  },
  "minecraft:recipes/building_blocks/gray_concrete_powder": {
    "criteria": {
      "has_sand": "2024-11-03 21:12:07 +0000"
    },
    "done": true
  },
  "pixelmon:recipes/decor/household_items/mug_ball": {
    "criteria": {
      "has_poke_ball": "2024-11-03 19:44:27 +0000"
    },
    "done": true
  },
  "pixelmon:recipes/pokeball/lid/luxury_ball_lid": {
    "criteria": {
      "has_great_ball": "2024-11-03 19:44:32 +0000"
    },
    "done": true
  },
  "minecraft:recipes/tools/iron_axe": {
    "criteria": {
      "has_iron_ingot": "2024-11-03 20:29:05 +0000"
    },
    "done": true
  },
  "minecraft:recipes/building_blocks/glowstone": {
    "criteria": {
      "has_glowstone_dust": "2024-11-03 20:42:39 +0000"
    },
    "done": true
  },
  "pixelmon:recipes/decor/cushion_chair/white_cushion_chair": {
    "criteria": {
      "has_wool": "2024-11-03 20:42:44 +0000"
    },
    "done": true
  },
  "pixelmon:recipes/decor/rug/pink_rug": {
    "criteria": {
      "has_wool": "2024-11-03 20:42:44 +0000"
    },
    "done": true
  },
  "minecraft:recipes/combat/iron_boots": {
    "criteria": {
      "has_iron_ingot": "2024-11-03 20:29:05 +0000"
    },
    "done": true
  },
  "minecraft:recipes/misc/bone_meal": {
    "criteria": {
      "has_bone": "2024-11-03 20:34:59 +0000"
    },
    "done": true
  },
  "minecraft:recipes/building_blocks/black_concrete_powder": {
    "criteria": {
      "has_sand": "2024-11-03 21:12:07 +0000"
    },
    "done": true
  },
  "pixelmon:recipes/equipment/reveal_glass": {
    "criteria": {
      "has_crystal": "2024-11-03 20:12:16 +0000"
    },
    "done": true
  },
  "pixelmon:recipes/decor/folding_chair/white_folding_chair_dyed": {
    "criteria": {
      "has_the_recipe": "2024-11-03 20:42:44 +0000"
    },
    "done": true
  },
  "minecraft:recipes/building_blocks/sandstone_stairs_from_sandstone_stonecutting": {
    "criteria": {
      "has_sandstone": "2024-11-03 23:15:38 +0000"
    },
    "done": true
  },
  "pixelmon:recipes/decor/terrain/boulder": {
    "criteria": {
      "has_clay_ball": "2024-11-03 23:15:34 +0000"
    },
    "done": true
  },
  "pixelmon:recipes/equipment/sapphire/sapphire_equipment": {
    "criteria": {
      "has_sapphire": "2024-11-05 02:15:27 +0000"
    },
    "done": true
  },
  "minecraft:recipes/combat/iron_chestplate": {
    "criteria": {
      "has_iron_ingot": "2024-11-03 20:29:05 +0000"
    },
    "done": true
  },
  "minecraft:recipes/combat/crossbow": {
    "criteria": {
      "has_iron_ingot": "2024-11-03 20:29:05 +0000"
    },
    "done": true
  },
  "minecraft:recipes/building_blocks/yellow_wool": {
    "criteria": {
      "has_white_wool": "2024-11-03 20:42:44 +0000"
    },
    "done": true
  },
  "minecraft:recipes/food/cooked_porkchop_from_smoking": {
    "criteria": {
      "has_porkchop": "2024-11-03 20:35:59 +0000"
    },
    "done": true
  },
  "minecraft:recipes/building_blocks/polished_diorite_from_diorite_stonecutting": {
    "criteria": {
      "has_diorite": "2024-11-03 23:15:32 +0000"
    },
    "done": true
  },
  "minecraft:recipes/building_blocks/granite_stairs_from_granite_stonecutting": {
    "criteria": {
      "has_granite": "2024-11-03 23:15:37 +0000"
    },
    "done": true
  },
  "minecraft:recipes/building_blocks/red_concrete_powder": {
    "criteria": {
      "has_sand": "2024-11-03 21:12:07 +0000"
    },
    "done": true
  },
  "pixelmon:recipes/infuser/medicine/tapu_cocoa": {
    "criteria": {
      "has_moomoo_milk": "2024-11-03 21:01:51 +0000"
    },
    "done": true
  },
  "pixelmon:recipes/decor/couch/white_couch": {
    "criteria": {
      "has_wool": "2024-11-03 20:42:44 +0000"
    },
    "done": true
  },
  "minecraft:recipes/building_blocks/blue_terracotta": {
    "criteria": {
      "has_terracotta": "2024-11-03 21:12:34 +0000"
    },
    "done": true
  },
  "pixelmon:recipes/lures/lure_shiny_strong": {
    "criteria": {
      "has_case_recipe": "2024-11-03 20:12:16 +0000"
    },
    "done": true
  },
  "pixelmon:recipes/pokeball/lid/timer_ball_lid": {
    "criteria": {
      "has_great_ball": "2024-11-03 19:44:32 +0000"
    },
    "done": true
  },
  "minecraft:recipes/decorations/diorite_wall": {
    "criteria": {
      "has_diorite": "2024-11-03 23:15:32 +0000"
    },
    "done": true
  },
  "pixelmon:recipes/decor/household_items/fan": {
    "criteria": {
      "has_aluminum": "2024-11-03 20:29:05 +0000"
    },
    "done": true
  },
  "minecraft:recipes/building_blocks/stone": {
    "criteria": {
      "has_cobblestone": "2024-11-03 20:12:50 +0000"
    },
    "done": true
  },
  "minecraft:recipes/brewing/magma_cream": {
    "criteria": {
      "has_blaze_powder": "2024-11-05 01:34:56 +0000"
    },
    "done": true
  },
  "minecraft:recipes/building_blocks/light_blue_terracotta": {
    "criteria": {
      "has_terracotta": "2024-11-03 21:12:34 +0000"
    },
    "done": true
  },
  "pixelmon:recipes/pokeball/lid/ancient_poke_ball_lid": {
    "criteria": {
      "has_ingot": "2024-11-03 20:29:05 +0000"
    },
    "done": true
  },
  "minecraft:adventure/adventuring_time": {
    "criteria": {
      "minecraft:cold_ocean": "2024-11-03 21:16:18 +0000",
      "minecraft:snowy_mountains": "2024-11-03 21:17:03 +0000",
      "minecraft:mountains": "2024-11-03 20:11:18 +0000",
      "minecraft:forest": "2024-11-03 21:07:08 +0000",
      "minecraft:taiga": "2024-11-03 20:13:45 +0000",
      "minecraft:desert_hills": "2024-11-05 01:25:40 +0000",
      "minecraft:giant_tree_taiga": "2024-11-03 20:13:16 +0000",
      "minecraft:deep_cold_ocean": "2024-11-03 23:35:51 +0000",
      "minecraft:snowy_tundra": "2024-11-03 21:16:39 +0000",
      "minecraft:desert": "2024-11-05 01:19:54 +0000",
      "minecraft:frozen_river": "2024-11-03 21:20:00 +0000",
      "minecraft:deep_frozen_ocean": "2024-11-03 23:36:35 +0000",
      "minecraft:birch_forest": "2024-11-03 20:52:43 +0000",
      "minecraft:snowy_beach": "2024-11-03 21:19:23 +0000",
      "minecraft:deep_lukewarm_ocean": "2024-11-03 20:23:57 +0000",
      "minecraft:beach": "2024-11-03 20:40:36 +0000",
      "minecraft:river": "2024-11-03 20:11:46 +0000",
      "minecraft:lukewarm_ocean": "2024-11-03 20:26:26 +0000",
      "minecraft:birch_forest_hills": "2024-11-03 20:52:59 +0000",
      "minecraft:wooded_hills": "2024-11-03 21:06:36 +0000",
      "minecraft:plains": "2024-11-03 16:43:05 +0000"
    },
    "done": false
  },
  "pixelmon:recipes/decor/rug/green_rug": {
    "criteria": {
      "has_wool": "2024-11-03 20:42:44 +0000"
    },
    "done": true
  },
  "pixelmon:recipes/equipment/neo_plasma/neo_plasma_equipment": {
    "criteria": {
      "has_crystal": "2024-11-03 20:12:16 +0000"
    },
    "done": true
  },
  "pixelmon:recipes/decor/cushion_chair/black_cushion_chair": {
    "criteria": {
      "has_wool": "2024-11-03 20:42:44 +0000"
    },
    "done": true
  },
  "minecraft:recipes/combat/stone_sword": {
    "criteria": {
      "has_cobblestone": "2024-11-03 20:12:50 +0000"
    },
    "done": true
  },
  "minecraft:recipes/decorations/cobblestone_wall": {
    "criteria": {
      "has_cobblestone": "2024-11-03 20:12:50 +0000"
    },
    "done": true
  },
  "minecraft:recipes/decorations/barrel": {
    "criteria": {
      "has_planks": "2024-11-03 23:35:06 +0000"
    },
    "done": true
  },
  "minecraft:recipes/tools/stone_pickaxe": {
    "criteria": {
      "has_cobblestone": "2024-11-03 20:12:50 +0000"
    },
    "done": true
  },
  "pixelmon:recipes/decor/gym_signs/purple_gym_sign": {
    "criteria": {
      "has_ingot": "2024-11-03 20:29:05 +0000"
    },
    "done": true
  },
  "minecraft:recipes/decorations/smithing_table": {
    "criteria": {
      "has_iron_ingot": "2024-11-03 20:29:05 +0000"
    },
    "done": true
  },
  "pixelmon:recipes/decor/cushion_chair/yellow_cushion_chair": {
    "criteria": {
      "has_wool": "2024-11-03 20:42:44 +0000"
    },
    "done": true
  },
  "minecraft:recipes/decorations/cobblestone_wall_from_cobblestone_stonecutting": {
    "criteria": {
      "has_cobblestone": "2024-11-03 20:12:50 +0000"
    },
    "done": true
  },
  "pixelmon:specs/spheal_jump_capture_all": {
    "criteria": {
      "0": "2024-11-03 19:47:06 +0000"
    },
    "done": false
  },
  "pixelmon:recipes/pokeball/base/silver_base": {
    "criteria": {
      "has_ingot": "2024-11-03 19:44:15 +0000"
    },
    "done": true
  },
  "minecraft:recipes/decorations/lantern": {
    "criteria": {
      "has_iron_ingot": "2024-11-03 20:29:05 +0000"
    },
    "done": true
  },
  "pixelmon:recipes/equipment/film": {
    "criteria": {
      "has_redstone": "2024-11-03 23:34:24 +0000"
    },
    "done": true
  },
  "minecraft:recipes/misc/stick_from_bamboo_item": {
    "criteria": {
      "has_bamboo": "2024-11-03 20:13:28 +0000"
    },
    "done": true
  },
  "pixelmon:recipes/decor/household_items/glass_table": {
    "criteria": {
      "has_planks": "2024-11-03 23:35:06 +0000"
    },
    "done": true
  },
  "minecraft:nether/explore_nether": {
    "criteria": {
      "minecraft:nether_wastes": "2024-11-05 01:26:00 +0000",
      "minecraft:basalt_deltas": "2024-11-05 01:28:21 +0000"
    },
    "done": false
  },
  "pixelmon:recipes/equipment/vanilla/wooden_hammer": {
    "criteria": {
      "has_planks": "2024-11-03 23:35:06 +0000"
    },
    "done": true
  },
  "pixelmon:recipes/pokeball/lid/great_ball_lid": {
    "criteria": {
      "has_apricorn": "2024-11-03 20:10:21 +0000"
    },
    "done": true
  },
  "minecraft:recipes/decorations/sandstone_wall": {
    "criteria": {
      "has_sandstone": "2024-11-03 23:15:38 +0000"
    },
    "done": true
  },
  "pixelmon:specs/magikarp_jump_capture_all": {
    "criteria": {
      "0": "2024-11-03 19:47:06 +0000"
    },
    "done": false
  },
  "pixelmon:recipes/decor/cushion_chair/magenta_cushion_chair": {
    "criteria": {
      "has_wool": "2024-11-03 20:42:44 +0000"
    },
    "done": true
  },
  "pixelmon:recipes/pokeball/lid/nest_ball_lid": {
    "criteria": {
      "has_apricorn": "2024-11-03 20:10:21 +0000"
    },
    "done": true
  },
  "minecraft:recipes/building_blocks/polished_diorite": {
    "criteria": {
      "has_stone": "2024-11-03 23:15:32 +0000"
    },
    "done": true
  },
  "pixelmon:recipes/equipment/vanilla/stone_hammer": {
    "criteria": {
      "has_cobblestone": "2024-11-03 20:12:50 +0000"
    },
    "done": true
  },
  "minecraft:recipes/building_blocks/light_gray_wool": {
    "criteria": {
      "has_white_wool": "2024-11-03 20:42:44 +0000"
    },
    "done": true
  },
  "minecraft:recipes/building_blocks/red_wool": {
    "criteria": {
      "has_white_wool": "2024-11-03 20:42:44 +0000"
    },
    "done": true
  },
  "minecraft:recipes/building_blocks/white_terracotta": {
    "criteria": {
      "has_terracotta": "2024-11-03 21:12:34 +0000"
    },
    "done": true
  },
  "pixelmon:recipes/pokeball/lid/dive_ball_lid": {
    "criteria": {
      "has_great_ball": "2024-11-03 19:44:32 +0000"
    },
    "done": true
  },
  "minecraft:recipes/tools/stone_axe": {
    "criteria": {
      "has_cobblestone": "2024-11-03 20:12:50 +0000"
    },
    "done": true
  },
  "minecraft:recipes/food/cooked_mutton": {
    "criteria": {
      "has_mutton": "2024-11-03 20:42:44 +0000"
    },
    "done": true
  },
  "minecraft:recipes/misc/fire_charge": {
    "criteria": {
      "has_blaze_powder": "2024-11-05 01:34:56 +0000"
    },
    "done": true
  },
  "pixelmon:recipes/equipment/ruby/ruby_equipment": {
    "criteria": {
      "has_ruby": "2024-11-03 20:12:50 +0000"
    },
    "done": true
  },
  "pixelmon:recipes/machines/elevator": {
    "criteria": {
      "has_ingot": "2024-11-03 20:29:05 +0000"
    },
    "done": true
  },
  "minecraft:recipes/building_blocks/yellow_terracotta": {
    "criteria": {
      "has_terracotta": "2024-11-03 21:12:34 +0000"
    },
    "done": true
  },
  "minecraft:recipes/building_blocks/purple_wool": {
    "criteria": {
      "has_white_wool": "2024-11-03 20:42:44 +0000"
    },
    "done": true
  },
  "minecraft:recipes/building_blocks/purple_terracotta": {
    "criteria": {
      "has_terracotta": "2024-11-03 21:12:34 +0000"
    },
    "done": true
  },
  "minecraft:recipes/building_blocks/cobblestone_stairs_from_cobblestone_stonecutting": {
    "criteria": {
      "has_cobblestone": "2024-11-03 20:12:50 +0000"
    },
    "done": true
  },
  "minecraft:recipes/building_blocks/magenta_concrete_powder": {
    "criteria": {
      "has_sand": "2024-11-03 21:12:07 +0000"
    },
    "done": true
  },
  "pixelmon:recipes/decor/gym_signs/lime_gym_sign": {
    "criteria": {
      "has_ingot": "2024-11-03 20:29:05 +0000"
    },
    "done": true
  },
  "minecraft:recipes/decorations/white_bed": {
    "criteria": {
      "has_white_wool": "2024-11-03 20:42:44 +0000"
    },
    "done": true
  },
  "minecraft:recipes/building_blocks/cut_sandstone_from_sandstone_stonecutting": {
    "criteria": {
      "has_sandstone": "2024-11-03 23:15:38 +0000"
    },
    "done": true
  },
  "minecraft:nether/root": {
    "criteria": {
      "entered_nether": "2024-11-05 01:26:00 +0000"
    },
    "done": true
  },
  "pixelmon:recipes/decor/umbrella/cyan_umbrella_dyed": {
    "criteria": {
      "has_the_recipe": "2024-11-03 20:42:44 +0000"
    },
    "done": true
  },
  "pixelmon:recipes/super_repel": {
    "criteria": {
      "has_ingot": "2024-11-03 20:29:05 +0000"
    },
    "done": true
  },
  "minecraft:recipes/decorations/campfire": {
    "criteria": {
      "has_coal": "2024-11-03 20:07:02 +0000"
    },
    "done": true
  },
  "minecraft:recipes/building_blocks/diorite_slab_from_diorite_stonecutting": {
    "criteria": {
      "has_diorite": "2024-11-03 23:15:32 +0000"
    },
    "done": true
  },
  "pixelmon:recipes/decor/umbrella/yellow_umbrella_dyed": {
    "criteria": {
      "has_the_recipe": "2024-11-03 20:42:44 +0000"
    },
    "done": true
  },
  "pixelmon:recipes/pokeball/lid/net_ball_lid": {
    "criteria": {
      "has_great_ball": "2024-11-03 19:44:32 +0000"
    },
    "done": true
  },
  "minecraft:recipes/misc/iron_nugget": {
    "criteria": {
      "has_iron_ingot": "2024-11-03 20:29:05 +0000"
    },
    "done": true
  },
  "pixelmon:recipes/decor/umbrella/white_umbrella": {
    "criteria": {
      "has_wool": "2024-11-03 20:42:44 +0000"
    },
    "done": true
  },
  "minecraft:recipes/building_blocks/brown_concrete_powder": {
    "criteria": {
      "has_sand": "2024-11-03 21:12:07 +0000"
    },
    "done": true
  },
  "pixelmon:recipes/decor/umbrella/light_gray_umbrella": {
    "criteria": {
      "has_wool": "2024-11-03 20:42:44 +0000"
    },
    "done": true
  },
  "pixelmon:recipes/decor/gym_signs/blue_gym_sign": {
    "criteria": {
      "has_ingot": "2024-11-03 20:29:05 +0000"
    },
    "done": true
  },
  "minecraft:recipes/building_blocks/cyan_wool": {
    "criteria": {
      "has_white_wool": "2024-11-03 20:42:44 +0000"
    },
    "done": true
  },
  "pixelmon:recipes/max_repel": {
    "criteria": {
      "has_ingot": "2024-11-03 20:29:05 +0000"
    },
    "done": true
  },
  "pixelmon:recipes/decor/terrain/poke_dirt": {
    "criteria": {
      "has_dirt": "2024-11-03 20:29:23 +0000"
    },
    "done": true
  },
  "minecraft:recipes/building_blocks/packed_ice": {
    "criteria": {
      "has_ice": "2024-11-03 21:25:23 +0000"
    },
    "done": true
  },
  "minecraft:recipes/transportation/spruce_boat": {
    "criteria": {
      "in_water": "2024-11-03 20:11:46 +0000"
    },
    "done": true
  },
  "pixelmon:recipes/decor/umbrella/white_umbrella_dyed": {
    "criteria": {
      "has_the_recipe": "2024-11-03 20:42:44 +0000"
    },
    "done": true
  },
  "pixelmon:recipes/pokeball/lid/safari_ball_lid": {
    "criteria": {
      "has_great_ball": "2024-11-03 19:44:32 +0000"
    },
    "done": true
  },
  "pixelmon:recipes/machines/cookingpot": {
    "criteria": {
      "has_ingot": "2024-11-03 20:29:05 +0000"
    },
    "done": true
  },
  "pixelmon:recipes/furnace/red_apricorn": {
    "criteria": {
      "has_apricorn": "2024-11-03 20:10:21 +0000"
    },
    "done": true
  },
  "minecraft:recipes/building_blocks/gray_wool": {
    "criteria": {
      "has_white_wool": "2024-11-03 20:42:44 +0000"
    },
    "done": true
  },
  "minecraft:recipes/building_blocks/polished_granite_from_granite_stonecutting": {
    "criteria": {
      "has_granite": "2024-11-03 23:15:37 +0000"
    },
    "done": true
  },
  "pixelmon:recipes/pokeball/lid/poke_ball_lid": {
    "criteria": {
      "has_apricorn": "2024-11-03 20:10:21 +0000"
    },
    "done": true
  },
  "minecraft:recipes/misc/sugar_from_sugar_cane": {
    "criteria": {
      "has_reeds": "2024-11-03 21:53:50 +0000"
    },
    "done": true
  },
  "minecraft:husbandry/balanced_diet": {
    "criteria": {
      "cooked_mutton": "2024-11-03 20:32:12 +0000",
      "bread": "2024-11-03 20:13:24 +0000"
    },
    "done": false
  },
  "minecraft:recipes/building_blocks/gray_terracotta": {
    "criteria": {
      "has_terracotta": "2024-11-03 21:12:34 +0000"
    },
    "done": true
  },
  "pixelmon:recipes/pokeball/lid/fast_ball_lid": {
    "criteria": {
      "has_great_ball": "2024-11-03 19:44:32 +0000"
    },
    "done": true
  },
  "pixelmon:recipes/decor/gym_signs/cyan_gym_sign": {
    "criteria": {
      "has_ingot": "2024-11-03 20:29:05 +0000"
    },
    "done": true
  },
  "pixelmon:pokedex/pokedex_trigger": {
    "criteria": {
      "pokedex_base": "2024-11-03 16:44:52 +0000"
    },
    "done": true
  },
  "minecraft:recipes/misc/bucket": {
    "criteria": {
      "has_iron_ingot": "2024-11-03 20:29:05 +0000"
    },
    "done": true
  },
  "pixelmon:recipes/evo_item/thunder_stone": {
    "criteria": {
      "has_evo_item": "2024-11-03 20:42:39 +0000"
    },
    "done": true
  },
  "minecraft:recipes/building_blocks/cobblestone_stairs": {
    "criteria": {
      "has_cobblestone": "2024-11-03 20:12:50 +0000"
    },
    "done": true
  },
  "minecraft:recipes/building_blocks/diorite_slab": {
    "criteria": {
      "has_diorite": "2024-11-03 23:15:32 +0000"
    },
    "done": true
  },
  "pixelmon:recipes/decor/sand/poke_sand": {
    "criteria": {
      "has_sandstone": "2024-11-03 23:15:38 +0000"
    },
    "done": true
  },
  "minecraft:recipes/building_blocks/chiseled_sandstone_from_sandstone_stonecutting": {
    "criteria": {
      "has_sandstone": "2024-11-03 23:15:38 +0000"
    },
    "done": true
  },
  "pixelmon:recipes/decor/gym_signs/orange_gym_sign": {
    "criteria": {
      "has_ingot": "2024-11-03 20:29:05 +0000"
    },
    "done": true
  },
  "pixelmon:recipes/equipment/badgecase/redbadgecase": {
    "criteria": {
      "has_apricorn": "2024-11-03 20:10:21 +0000"
    },
    "done": true
  },
  "minecraft:recipes/decorations/granite_wall": {
    "criteria": {
      "has_granite": "2024-11-03 23:15:37 +0000"
    },
    "done": true
  },
  "pixelmon:recipes/decor/umbrella/magenta_umbrella": {
    "criteria": {
      "has_wool": "2024-11-03 20:42:44 +0000"
    },
    "done": true
  },
  "minecraft:recipes/redstone/note_block": {
    "criteria": {
      "has_redstone": "2024-11-03 23:34:24 +0000"
    },
    "done": true
  },
  "minecraft:recipes/decorations/white_banner": {
    "criteria": {
      "has_white_wool": "2024-11-03 20:42:44 +0000"
    },
    "done": true
  },
  "minecraft:recipes/building_blocks/light_blue_concrete_powder": {
    "criteria": {
      "has_sand": "2024-11-03 21:12:07 +0000"
    },
    "done": true
  },
  "pixelmon:recipes/curry/brittle_bones": {
    "criteria": {
      "has_bone": "2024-11-03 20:34:59 +0000"
    },
    "done": true
  },
  "pixelmon:recipes/equipment/movement/acro_bike_frame": {
    "criteria": {
      "has_ingot": "2024-11-03 20:29:05 +0000"
    },
    "done": true
  },
  "minecraft:recipes/building_blocks/orange_terracotta": {
    "criteria": {
      "has_terracotta": "2024-11-03 21:12:34 +0000"
    },
    "done": true
  },
  "pixelmon:recipes/pokeball/lid/love_ball_lid": {
    "criteria": {
      "has_great_ball": "2024-11-03 19:44:32 +0000"
    },
    "done": true
  },
  "minecraft:recipes/building_blocks/glass": {
    "criteria": {
      "has_sand": "2024-11-03 21:12:07 +0000"
    },
    "done": true
  },
  "minecraft:recipes/combat/iron_helmet": {
    "criteria": {
      "has_iron_ingot": "2024-11-03 20:29:05 +0000"
    },
    "done": true
  },
  "pixelmon:recipes/decor/rug/blue_rug": {
    "criteria": {
      "has_wool": "2024-11-03 20:42:44 +0000"
    },
    "done": true
  },
  "pixelmon:recipes/lures/lure_ha_weak": {
    "criteria": {
      "has_case_recipe": "2024-11-03 20:12:16 +0000"
    },
    "done": true
  },
  "minecraft:recipes/building_blocks/smooth_sandstone": {
    "criteria": {
      "has_sandstone": "2024-11-03 23:15:38 +0000"
    },
    "done": true
  },
  "minecraft:recipes/building_blocks/purple_concrete_powder": {
    "criteria": {
      "has_sand": "2024-11-03 21:12:07 +0000"
    },
    "done": true
  },
  "minecraft:recipes/building_blocks/cut_sandstone_slab_from_cut_sandstone_stonecutting": {
    "criteria": {
      "has_cut_sandstone": "2024-11-03 23:15:38 +0000"
    },
    "done": true
  },
  "pixelmon:recipes/decor/umbrella/light_gray_umbrella_dyed": {
    "criteria": {
      "has_the_recipe": "2024-11-03 20:42:44 +0000"
    },
    "done": true
  },
  "pixelmon:recipes/decor/umbrella/gray_umbrella": {
    "criteria": {
      "has_wool": "2024-11-03 20:42:44 +0000"
    },
    "done": true
  },
  "minecraft:recipes/decorations/diorite_wall_from_diorite_stonecutting": {
    "criteria": {
      "has_diorite": "2024-11-03 23:15:32 +0000"
    },
    "done": true
  },
  "pixelmon:recipes/decor/armchair/white_armchair": {
    "criteria": {
      "has_wool": "2024-11-03 20:42:44 +0000"
    },
    "done": true
  },
  "minecraft:story/mine_stone": {
    "criteria": {
      "get_stone": "2024-11-03 20:12:50 +0000"
    },
    "done": true
  },
  "minecraft:recipes/redstone/target": {
    "criteria": {
      "has_redstone": "2024-11-03 23:34:24 +0000"
    },
    "done": true
  },
  "minecraft:recipes/decorations/furnace": {
    "criteria": {
      "has_cobblestone": "2024-11-03 20:12:50 +0000"
    },
    "done": true
  },
  "minecraft:recipes/transportation/minecart": {
    "criteria": {
      "has_iron_ingot": "2024-11-03 20:29:05 +0000"
    },
    "done": true
  },
  "minecraft:recipes/misc/charcoal": {
    "criteria": {
      "has_log": "2024-11-03 21:09:12 +0000"
    },
    "done": true
  },
  "minecraft:recipes/building_blocks/orange_wool": {
    "criteria": {
      "has_white_wool": "2024-11-03 20:42:44 +0000"
    },
    "done": true
  },
  "minecraft:recipes/tools/iron_hoe": {
    "criteria": {
      "has_iron_ingot": "2024-11-03 20:29:05 +0000"
    },
    "done": true
  },
  "pixelmon:recipes/decor/rug/white_rug": {
    "criteria": {
      "has_wool": "2024-11-03 20:42:44 +0000"
    },
    "done": true
  },
  "minecraft:husbandry/root": {
    "criteria": {
      "consumed_item": "2024-11-03 20:13:24 +0000"
    },
    "done": true
  },
  "minecraft:recipes/redstone/redstone_torch": {
    "criteria": {
      "has_redstone": "2024-11-03 23:34:24 +0000"
    },
    "done": true
  },
  "pixelmon:recipes/incense_burner": {
    "criteria": {
      "has_coal": "2024-11-03 20:07:02 +0000"
    },
    "done": true
  },
  "minecraft:recipes/transportation/birch_boat": {
    "criteria": {
      "in_water": "2024-11-03 20:11:46 +0000"
    },
    "done": true
  },
  "minecraft:recipes/building_blocks/polished_granite_slab_from_granite_stonecutting": {
    "criteria": {
      "has_granite": "2024-11-03 23:15:37 +0000"
    },
    "done": true
  },
  "minecraft:recipes/building_blocks/green_concrete_powder": {
    "criteria": {
      "has_sand": "2024-11-03 21:12:07 +0000"
    },
    "done": true
  },
  "pixelmon:recipes/equipment/aluminium/aluminium_equipment": {
    "criteria": {
      "has_aluminium": "2024-11-03 20:29:05 +0000"
    },
    "done": true
  },
  "minecraft:recipes/tools/iron_shovel": {
    "criteria": {
      "has_iron_ingot": "2024-11-03 20:29:05 +0000"
    },
    "done": true
  },
  "pixelmon:types/capture_ghost_10": {
    "criteria": {
      "capture_ghost_10": "2024-11-03 19:53:27 +0000"
    },
    "done": true
  },
  "pixelmon:recipes/decor/rug/cyan_rug": {
    "criteria": {
      "has_wool": "2024-11-03 20:42:44 +0000"
    },
    "done": true
  },
  "pixelmon:balls/quick_ball_capture": {
    "criteria": {
      "quick_ball_capture": "2024-11-05 01:35:58 +0000"
    },
    "done": true
  },
  "pixelmon:recipes/movement_plate": {
    "criteria": {
      "has_redstone": "2024-11-03 23:34:24 +0000"
    },
    "done": true
  },
  "minecraft:recipes/tools/stone_hoe": {
    "criteria": {
      "has_cobblestone": "2024-11-03 20:12:50 +0000"
    },
    "done": true
  },
  "minecraft:recipes/tools/clock": {
    "criteria": {
      "has_redstone": "2024-11-03 23:34:24 +0000"
    },
    "done": true
  },
  "minecraft:recipes/combat/spectral_arrow": {
    "criteria": {
      "has_glowstone_dust": "2024-11-03 20:42:39 +0000"
    },
    "done": true
  },
  "pixelmon:recipes/decor/rug/lime_rug": {
    "criteria": {
      "has_wool": "2024-11-03 20:42:44 +0000"
    },
    "done": true
  },
  "pixelmon:recipes/decor/umbrella/purple_umbrella_dyed": {
    "criteria": {
      "has_the_recipe": "2024-11-03 20:42:44 +0000"
    },
    "done": true
  },
  "minecraft:story/enter_the_nether": {
    "criteria": {
      "entered_nether": "2024-11-05 01:26:00 +0000"
    },
    "done": true
  },
  "minecraft:recipes/building_blocks/granite_slab": {
    "criteria": {
      "has_granite": "2024-11-03 23:15:37 +0000"
    },
    "done": true
  },
  "pixelmon:recipes/decor/rug/light_gray_rug": {
    "criteria": {
      "has_wool": "2024-11-03 20:42:44 +0000"
    },
    "done": true
  },
  "minecraft:recipes/decorations/white_carpet": {
    "criteria": {
      "has_white_wool": "2024-11-03 20:42:44 +0000"
    },
    "done": true
  },
  "pixelmon:recipes/decor/umbrella/brown_umbrella": {
    "criteria": {
      "has_wool": "2024-11-03 20:42:44 +0000"
    },
    "done": true
  },
  "naturescompass:natures_compass_log": {
    "criteria": {
      "has_log": "2024-11-03 21:09:12 +0000"
    },
    "done": true
  },
  "minecraft:recipes/misc/gold_ingot_from_nuggets": {
    "criteria": {
      "has_gold_nugget": "2024-11-03 20:48:54 +0000"
    },
    "done": true
  },
  "pixelmon:recipes/decor/gym_signs/light_gray_gym_sign": {
    "criteria": {
      "has_ingot": "2024-11-03 20:29:05 +0000"
    },
    "done": true
  },
  "minecraft:recipes/building_blocks/polished_granite_stairs_from_granite_stonecutting": {
    "criteria": {
      "has_granite": "2024-11-03 23:15:37 +0000"
    },
    "done": true
  },
  "pixelmon:recipes/lures/lure_type_weak": {
    "criteria": {
      "has_case_recipe": "2024-11-03 20:12:16 +0000"
    },
    "done": true
  },
  "minecraft:recipes/decorations/snow": {
    "criteria": {
      "has_snowball": "2024-11-03 21:25:23 +0000"
    },
    "done": true
  },
  "minecraft:recipes/transportation/oak_boat": {
    "criteria": {
      "in_water": "2024-11-03 20:11:46 +0000"
    },
    "done": true
  },
  "minecraft:recipes/decorations/sandstone_wall_from_sandstone_stonecutting": {
    "criteria": {
      "has_sandstone": "2024-11-03 23:15:38 +0000"
    },
    "done": true
  },
  "minecraft:recipes/building_blocks/cyan_concrete_powder": {
    "criteria": {
      "has_sand": "2024-11-03 21:12:07 +0000"
    },
    "done": true
  },
  "pixelmon:recipes/decor/cushion_chair/blue_cushion_chair": {
    "criteria": {
      "has_wool": "2024-11-03 20:42:44 +0000"
    },
    "done": true
  },
  "pixelmon:recipes/decor/gym_signs/magenta_gym_sign": {
    "criteria": {
      "has_ingot": "2024-11-03 20:29:05 +0000"
    },
    "done": true
  },
  "pixelmon:recipes/equipment/plasma/plasma_equipment": {
    "criteria": {
      "has_crystal": "2024-11-03 20:12:16 +0000"
    },
    "done": true
  },
  "pixelmon:recipes/machines/trade_machine/trade_holder_left": {
    "criteria": {
      "has_poke_ball": "2024-11-03 19:44:27 +0000"
    },
    "done": true
  },
  "minecraft:recipes/building_blocks/lime_wool": {
    "criteria": {
      "has_white_wool": "2024-11-03 20:42:44 +0000"
    },
    "done": true
  },
  "pixelmon:recipes/curry/pungent_root": {
    "criteria": {
      "has_big_root": "2024-11-03 21:02:22 +0000"
    },
    "done": true
  },
  "pixelmon:recipes/infuser/medicine/skitty_smoothie": {
    "criteria": {
      "has_berry": "2024-11-03 20:59:38 +0000"
    },
    "done": true
  },
  "minecraft:recipes/misc/paper": {
    "criteria": {
      "has_reeds": "2024-11-03 21:53:50 +0000"
    },
    "done": true
  },
  "pixelmon:recipes/pokeball/base/platinum_base": {
    "criteria": {
      "has_ingot": "2024-11-03 19:44:15 +0000"
    },
    "done": true
  },
  "minecraft:recipes/building_blocks/green_wool": {
    "criteria": {
      "has_white_wool": "2024-11-03 20:42:44 +0000"
    },
    "done": true
  },
  "pixelmon:recipes/pokeball/lid/repeat_ball_lid": {
    "criteria": {
      "has_great_ball": "2024-11-03 19:44:32 +0000"
    },
    "done": true
  },
  "pixelmon:balls/park_ball_capture": {
    "criteria": {
      "park_ball_capture": "2024-11-03 19:47:06 +0000"
    },
    "done": true
  },
  "minecraft:recipes/building_blocks/brown_wool": {
    "criteria": {
      "has_white_wool": "2024-11-03 20:42:44 +0000"
    },
    "done": true
  },
  "pixelmon:recipes/decor/rug/red_rug": {
    "criteria": {
      "has_wool": "2024-11-03 20:42:44 +0000"
    },
    "done": true
  },
  "minecraft:recipes/decorations/scaffolding": {
    "criteria": {
      "has_bamboo": "2024-11-03 20:13:28 +0000"
    },
    "done": true
  },
  "pixelmon:recipes/decor/cushion_chair/light_blue_cushion_chair": {
    "criteria": {
      "has_wool": "2024-11-03 20:42:44 +0000"
    },
    "done": true
  },
  "pixelmon:recipes/decor/umbrella/purple_umbrella": {
    "criteria": {
      "has_wool": "2024-11-03 20:42:44 +0000"
    },
    "done": true
  },
  "pixelmon:recipes/decor/cushion_chair/brown_cushion_chair": {
    "criteria": {
      "has_wool": "2024-11-03 20:42:44 +0000"
    },
    "done": true
  },
  "pixelmon:recipes/pokeball/lid/ancient_heavy_ball_lid": {
    "criteria": {
      "has_ingot": "2024-11-03 20:29:05 +0000"
    },
    "done": true
  },
  "minecraft:recipes/decorations/painting": {
    "criteria": {
      "has_wool": "2024-11-03 20:42:44 +0000"
    },
    "done": true
  },
  "pixelmon:wild_battle_victories/wild_battle_victory_trigger": {
    "criteria": {
      "wild_battle_victory_trigger": "2024-11-03 20:28:59 +0000"
    },
    "done": true
  },
  "minecraft:recipes/building_blocks/red_terracotta": {
    "criteria": {
      "has_terracotta": "2024-11-03 21:12:34 +0000"
    },
    "done": true
  },
  "pixelmon:recipes/pokeball/lid/lure_ball_lid": {
    "criteria": {
      "has_great_ball": "2024-11-03 19:44:32 +0000"
    },
    "done": true
  },
  "minecraft:recipes/misc/nether_brick": {
    "criteria": {
      "has_netherrack": "2024-11-05 01:26:51 +0000"
    },
    "done": true
  },
  "minecraft:recipes/combat/arrow": {
    "criteria": {
      "has_feather": "2024-11-03 20:43:52 +0000"
    },
    "done": true
  },
  "minecraft:recipes/building_blocks/coal_block": {
    "criteria": {
      "has_coal": "2024-11-03 20:07:02 +0000"
    },
    "done": true
  },
  "pixelmon:recipes/lures/lure_ha_strong": {
    "criteria": {
      "has_case_recipe": "2024-11-03 20:12:16 +0000"
    },
    "done": true
  },
  "pixelmon:recipes/decor/cushion_chair/pink_cushion_chair": {
    "criteria": {
      "has_wool": "2024-11-03 20:42:44 +0000"
    },
    "done": true
  },
  "minecraft:recipes/tools/stone_shovel": {
    "criteria": {
      "has_cobblestone": "2024-11-03 20:12:50 +0000"
    },
    "done": true
  },
  "pixelmon:recipes/lures/lure_shiny_weak": {
    "criteria": {
      "has_case_recipe": "2024-11-03 20:12:16 +0000"
    },
    "done": true
  },
  "minecraft:recipes/building_blocks/blue_concrete_powder": {
    "criteria": {
      "has_sand": "2024-11-03 21:12:07 +0000"
    },
    "done": true
  },
  "pixelmon:recipes/pokeball/lid/heavy_ball_lid": {
    "criteria": {
      "has_great_ball": "2024-11-03 19:44:32 +0000"
    },
    "done": true
  },
  "minecraft:recipes/building_blocks/diorite_stairs": {
    "criteria": {
      "has_diorite": "2024-11-03 23:15:32 +0000"
    },
    "done": true
  },
  "pixelmon:recipes/stick_plate": {
    "criteria": {
      "has_redstone": "2024-11-03 23:34:24 +0000"
    },
    "done": true
  },
  "minecraft:recipes/building_blocks/green_terracotta": {
    "criteria": {
      "has_terracotta": "2024-11-03 21:12:34 +0000"
    },
    "done": true
  },
  "minecraft:recipes/building_blocks/granite_slab_from_granite_stonecutting": {
    "criteria": {
      "has_granite": "2024-11-03 23:15:37 +0000"
    },
    "done": true
  },
  "pixelmon:recipes/pokeball/lid/moon_ball_lid": {
    "criteria": {
      "has_great_ball": "2024-11-03 19:44:32 +0000"
    },
    "done": true
  },
  "pixelmon:recipes/infuser/juice/green_juice": {
    "criteria": {
      "has_green_juice_berry_3": "2024-11-03 23:00:55 +0000"
    },
    "done": true
  },
  "minecraft:recipes/building_blocks/brown_terracotta": {
    "criteria": {
      "has_terracotta": "2024-11-03 21:12:34 +0000"
    },
    "done": true
  },
  "minecraft:recipes/building_blocks/andesite": {
    "criteria": {
      "has_stone": "2024-11-03 23:15:32 +0000"
    },
    "done": true
  },
  "pixelmon:recipes/decor/household_items/end_table": {
    "criteria": {
      "has_crafting_table": "2024-11-03 23:35:11 +0000"
    },
    "done": true
  },
  "minecraft:recipes/building_blocks/cut_sandstone_slab_from_sandstone_stonecutting": {
    "criteria": {
      "has_sandstone": "2024-11-03 23:15:38 +0000"
    },
    "done": true
  },
  "pixelmon:recipes/decor/cushion_chair/orange_cushion_chair": {
    "criteria": {
      "has_wool": "2024-11-03 20:42:44 +0000"
    },
    "done": true
  },
  "pixelmon:recipes/blast_furnace/bauxite_ore": {
    "criteria": {
      "has_ore": "2024-11-03 23:00:55 +0000"
    },
    "done": true
  },
  "pixelmon:recipes/decor/umbrella/black_umbrella_dyed": {
    "criteria": {
      "has_the_recipe": "2024-11-03 20:42:44 +0000"
    },
    "done": true
  },
  "minecraft:recipes/building_blocks/cut_sandstone": {
    "criteria": {
      "has_sandstone": "2024-11-03 23:15:38 +0000"
    },
    "done": true
  },
  "minecraft:recipes/building_blocks/black_terracotta": {
    "criteria": {
      "has_terracotta": "2024-11-03 21:12:34 +0000"
    },
    "done": true
  },
  "minecraft:recipes/building_blocks/polished_basalt": {
    "criteria": {
      "has_basalt": "2024-11-05 01:32:50 +0000"
    },
    "done": true
  },
  "pixelmon:recipes/decor/umbrella/blue_umbrella_dyed": {
    "criteria": {
      "has_the_recipe": "2024-11-03 20:42:44 +0000"
    },
    "done": true
  },
  "pixelmon:recipes/decor/umbrella/gray_umbrella_dyed": {
    "criteria": {
      "has_the_recipe": "2024-11-03 20:42:44 +0000"
    },
    "done": true
  },
  "minecraft:story/root": {
    "criteria": {
      "crafting_table": "2024-11-03 23:35:11 +0000"
    },
    "done": true
  },
  "pixelmon:recipes/decor/cushion_chair/light_gray_cushion_chair": {
    "criteria": {
      "has_wool": "2024-11-03 20:42:44 +0000"
    },
    "done": true
  },
  "minecraft:recipes/building_blocks/sandstone_slab_from_sandstone_stonecutting": {
    "criteria": {
      "has_sandstone": "2024-11-03 23:15:38 +0000"
    },
    "done": true
  },
  "minecraft:recipes/redstone/dropper": {
    "criteria": {
      "has_redstone": "2024-11-03 23:34:24 +0000"
    },
    "done": true
  },
  "pixelmon:recipes/machines/trade_machine/trade_panel": {
    "criteria": {
      "has_poke_ball": "2024-11-03 19:44:27 +0000"
    },
    "done": true
  },
  "minecraft:recipes/brewing/brewing_stand": {
    "criteria": {
      "has_blaze_rod": "2024-11-05 00:51:50 +0000"
    },
    "done": true
  },
  "pixelmon:recipes/repel": {
    "criteria": {
      "has_ingot": "2024-11-03 20:29:05 +0000"
    },
    "done": true
  },
  "minecraft:recipes/tools/compass": {
    "criteria": {
      "has_redstone": "2024-11-03 23:34:24 +0000"
    },
    "done": true
  },
  "pixelmon:recipes/decor/umbrella/lime_umbrella_dyed": {
    "criteria": {
      "has_the_recipe": "2024-11-03 20:42:44 +0000"
    },
    "done": true
  },
  "pixelmon:recipes/pokeball/base/iron_base": {
    "criteria": {
      "has_ingot": "2024-11-03 19:44:15 +0000"
    },
    "done": true
  },
  "pixelmon:specs/spec_trigger": {
    "criteria": {
      "unown_capture_all": "2024-11-03 19:47:06 +0000",
      "eeveelution_capture_all": "2024-11-03 19:47:06 +0000",
      "minior_capture_all": "2024-11-03 19:47:06 +0000"
    },
    "done": true
  },
  "minecraft:nether/obtain_blaze_rod": {
    "criteria": {
      "blaze_rod": "2024-11-05 00:51:50 +0000"
    },
    "done": true
  },
  "pixelmon:recipes/pokeball/base/wooden_base": {
    "criteria": {
      "has_slab": "2024-11-03 19:44:15 +0000"
    },
    "done": true
  },
  "pixelmon:recipes/decor/rug/light_blue_rug": {
    "criteria": {
      "has_wool": "2024-11-03 20:42:44 +0000"
    },
    "done": true
  },
  "pixelmon:balls/ultra_ball_capture": {
    "criteria": {
      "ultra_ball_capture": "2024-11-03 21:23:36 +0000"
    },
    "done": true
  },
  "pixelmon:recipes/pokeball/lid/level_ball_lid": {
    "criteria": {
      "has_great_ball": "2024-11-03 19:44:32 +0000"
    },
    "done": true
  },
  "pixelmon:recipes/decor/umbrella/green_umbrella_dyed": {
    "criteria": {
      "has_the_recipe": "2024-11-03 20:42:44 +0000"
    },
    "done": true
  },
  "minecraft:recipes/food/cooked_beef": {
    "criteria": {
      "has_beef": "2024-11-03 20:31:20 +0000"
    },
    "done": true
  },
  "minecraft:recipes/redstone/iron_door": {
    "criteria": {
      "has_iron_ingot": "2024-11-03 20:29:05 +0000"
    },
    "done": true
  },
  "pixelmon:recipes/curry/mixed_mushrooms": {
    "criteria": {
      "has_tiny_mushroom": "2024-11-03 20:36:00 +0000"
    },
    "done": true
  },
  "pixelmon:recipes/infuser/juice/red_juice": {
    "criteria": {
      "has_red_juice_berry_1": "2024-11-03 20:59:38 +0000"
    },
    "done": true
  },
  "minecraft:recipes/building_blocks/snow_block": {
    "criteria": {
      "has_snowball": "2024-11-03 21:25:23 +0000"
    },
    "done": true
  },
  "pixelmon:recipes/lures/lure_casing_weak": {
    "criteria": {
      "has_crystal": "2024-11-03 20:12:16 +0000"
    },
    "done": true
  },
  "pixelmon:recipes/decor/household_items/fridge": {
    "criteria": {
      "has_aluminum": "2024-11-03 20:29:05 +0000"
    },
    "done": true
  },
  "pixelmon:wild_battle_victories/wild_battle_victory_50": {
    "criteria": {
      "wild_battle_victory_50": "2024-11-03 22:19:40 +0000"
    },
    "done": true
  },
  "minecraft:recipes/transportation/jungle_boat": {
    "criteria": {
      "in_water": "2024-11-03 20:11:46 +0000"
    },
    "done": true
  },
  "pixelmon:recipes/decor/gym_signs/brown_gym_sign": {
    "criteria": {
      "has_ingot": "2024-11-03 20:29:05 +0000"
    },
    "done": true
  },
  "minecraft:recipes/redstone/heavy_weighted_pressure_plate": {
    "criteria": {
      "has_iron_ingot": "2024-11-03 20:29:05 +0000"
    },
    "done": true
  },
  "minecraft:recipes/transportation/dark_oak_boat": {
    "criteria": {
      "in_water": "2024-11-03 20:11:46 +0000"
    },
    "done": true
  },
  "minecraft:recipes/building_blocks/pink_wool": {
    "criteria": {
      "has_white_wool": "2024-11-03 20:42:44 +0000"
    },
    "done": true
  },
  "minecraft:recipes/building_blocks/polished_granite": {
    "criteria": {
      "has_stone": "2024-11-03 23:15:37 +0000"
    },
    "done": true
  },
  "minecraft:recipes/redstone/piston": {
    "criteria": {
      "has_redstone": "2024-11-03 23:34:24 +0000"
    },
    "done": true
  },
  "pixelmon:recipes/decor/cushion_chair/gray_cushion_chair": {
    "criteria": {
      "has_wool": "2024-11-03 20:42:44 +0000"
    },
    "done": true
  },
  "pixelmon:recipes/decor/building_infrastructure/bridge_block": {
    "criteria": {
      "has_logs": "2024-11-03 21:09:12 +0000"
    },
    "done": true
  },
  "pixelmon:recipes/equipment/item_finder": {
    "criteria": {
      "has_redstone": "2024-11-03 23:34:24 +0000"
    },
    "done": true
  },
  "minecraft:recipes/food/cooked_beef_from_campfire_cooking": {
    "criteria": {
      "has_beef": "2024-11-03 20:31:20 +0000"
    },
    "done": true
  },
  "pixelmon:recipes/decor/umbrella/pink_umbrella": {
    "criteria": {
      "has_wool": "2024-11-03 20:42:44 +0000"
    },
    "done": true
  },
  "pixelmon:recipes/decor/umbrella/orange_umbrella": {
    "criteria": {
      "has_wool": "2024-11-03 20:42:44 +0000"
    },
    "done": true
  },
  "minecraft:story/smelt_iron": {
    "criteria": {
      "iron": "2024-11-03 20:29:05 +0000"
    },
    "done": true
  },
  "pixelmon:recipes/pokeball/lid/feather_ball_lid": {
    "criteria": {
      "has_ingot": "2024-11-03 20:29:05 +0000"
    },
    "done": true
  },
  "DataVersion": 2586
}